time_s,ecg_uv
2.2500025806948543e-06,-203
0.007694557694888388,105
0.01538686538719608,802
0.023079173079503773,1399
0.030771480771811466,1701
0.03846378846411916,1821
0.04615609615642685,1514
0.053848403848734544,1162
0.06154071154104224,1608
0.06923301923334993,2317
0.07692532692565762,2523
0.08461763461796531,2667
0.09230994231027301,2998
0.1000022500025807,3223
0.1076945576948884,3393
0.11538686538719609,3621
0.12307917307950378,3784
0.13077148077181147,3899
0.13846378846411916,4062
0.14615609615642686,4227
0.15384840384873455,4366
0.16154071154104224,4486
0.16923301923334994,4603
0.17692532692565763,4745
0.18461763461796532,4881
0.192309942310273,4987
0.2000022500025807,5112
0.2076945576948884,5246
0.2153868653871961,5356
0.22307917307950378,5447
0.23077148077181148,5519
0.23846378846411917,5576
0.24615609615642686,5608
0.2538484038487345,5591
0.26154071154104225,5541
0.26923301923334997,5500
0.27692532692565763,5471
0.2846176346179653,5442
0.292309942310273,5454
0.30000225000258074,5488
0.3076945576948884,5509
0.31538686538719607,5536
0.3230791730795038,5593
0.3307714807718115,5644
0.3384637884641192,5656
0.34615609615642684,5672
0.35384840384873456,5716
0.3615407115410423,5759
0.36923301923334995,5792
0.3769253269256576,5816
0.38461763461796533,5857
0.39230994231027305,5898
0.4000022500025807,5902
0.4076945576948884,5910
0.4153868653871961,5946
0.4230791730795038,5979
0.4307714807718115,5994
0.43846378846411915,5994
0.4461560961564269,5996
0.4538484038487346,6015
0.46154071154104226,6017
0.4692330192333499,6010
0.47692532692565764,6029
0.48461763461796536,6041
0.49230994231027303,6020
0.5000022500025807,6010
0.5076945576948884,6020
0.5153868653871961,6022
0.5230791730795038,6008
0.5307714807718115,5991
0.5384637884641192,5984
0.5461560961564269,5979
0.5538484038487346,5960
0.5391552079963731,5948
0.5468475156886807,5960
0.5545398233809884,5948
0.5622321310732962,5890
0.5699244387656038,5864
0.5776167464579115,5878
0.5853090541502193,5874
0.5930013618425269,5850
0.6006936695348346,5790
0.6083859772271423,5739
0.6160782849194499,5744
0.6237705926117577,5727
0.6314629003040654,5701
0.639155207996373,5720
0.6468475156886808,5699
0.6545398233809885,5624
0.6622321310732961,5588
0.6699244387656038,5572
0.6776167464579115,5524
0.6853090541502193,5488
0.6930013618425269,5471
0.7006936695348346,5449
0.7083859772271424,5409
0.71607828491945,5351
0.7237705926117577,5315
0.7314629003040654,5310
0.739155207996373,5275
0.7468475156886808,5203
0.7545398233809885,5114
0.7622321310732961,5064
0.7699244387656039,5306
0.7776167464579116,5962
0.7853090541502192,6609
0.7930013618425269,6844
0.8006936695348346,6382
0.8083859772271423,5186
0.81607828491945,4292
0.8237705926117577,4438
0.8314629003040654,4742
0.8391552079963731,4589
0.8468475156886808,4500
0.8545398233809884,4599
0.8622321310732961,4563
0.8699244387656039,4484
0.8776167464579115,4500
0.8853090541502192,4476
0.893001361842527,4397
0.9006936695348347,4381
0.9083859772271423,4395
0.91607828491945,4373
0.9237705926117576,4345
0.9314629003040654,4325
0.9391552079963731,4313
0.9468475156886808,4309
0.9545398233809885,4306
0.9622321310732962,4316
0.9699244387656039,4337
0.9776167464579115,4342
0.9853090541502192,4325
0.993001361842527,4299
1.0006936695348347,4261
1.0083859772271424,4194
1.01607828491945,4093
1.0237705926117577,3968
1.0314629003040654,3844
1.039155207996373,3726
1.0468475156886807,3618
1.0545398233809884,3525
1.062232131073296,3460
1.0699244387656037,3415
1.0776167464579116,3376
1.0853090541502193,3350
1.093001361842527,3331
1.1087140410090797,3314
1.1164063487013873,3273
1.124098656393695,3216
1.1317909640860027,3189
1.1394832717783103,3175
1.1471755794706182,3144
1.1548678871629259,3127
1.1625601948552335,3103
1.1702525025475412,3043
1.1779448102398489,2998
1.1856371179321565,2988
1.1933294256244642,2967
1.201021733316772,2931
1.2087140410090798,2902
1.2164063487013874,2873
1.224098656393695,2847
1.2317909640860027,2820
1.2394832717783104,2796
1.247175579470618,2770
1.2548678871629257,2736
1.2625601948552334,2696
1.2702525025475413,2667
1.277944810239849,2650
1.2856371179321566,2619
1.2933294256244643,2585
1.301021733316772,2550
1.3087140410090796,2502
1.3164063487013873,2468
1.3240986563936952,2451
1.3317909640860028,2425
1.3394832717783105,2396
1.3471755794706182,2372
1.3548678871629258,2341
1.3625601948552335,2312
1.3702525025475412,2291
1.3779448102398488,2262
1.3856371179321565,2240
1.3933294256244642,2221
1.401021733316772,2190
1.4087140410090797,2164
1.4164063487013874,2144
1.424098656393695,2118
1.4317909640860027,2082
1.4394832717783106,2041
1.4471755794706183,2005
1.454867887162926,1982
1.4625601948552336,1958
1.4702525025475413,1946
1.477944810239849,1950
1.4856371179321566,1943
1.4933294256244642,1919
1.501021733316772,1893
1.5087140410090796,1857
1.5164063487013872,1823
1.5240986563936951,1795
1.5317909640860028,1744
1.5394832717783105,1713
1.5471755794706181,1706
1.5548678871629258,1675
1.5625601948552337,1629
1.5702525025475413,1617
1.577944810239849,1605
1.5856371179321567,1565
1.5933294256244643,1533
1.601021733316772,1505
1.6087140410090797,1416
1.6164063487013873,1368
1.624098656393695,1687
1.6317909640860027,2399
1.6394832717783103,3041
1.6471755794706182,3209
1.6548678871629259,2631
1.6625601948552335,1437
1.649617290997412,690
1.6573095986897197,910
1.6650019063820274,1183
1.672694214074335,1052
1.6803865217666427,1004
1.6880788294589506,1095
1.6957711371512583,1076
1.703463444843566,1052
1.7111557525358736,1080
1.7188480602281813,1068
1.726540367920489,1044
1.7342326756127966,1066
1.7419249833051045,1076
1.7496172909974121,1064
1.7573095986897198,1078
1.7650019063820275,1107
1.7726942140743351,1124
1.7803865217666428,1133
1.7880788294589505,1155
1.7957711371512581,1195
1.8034634448435658,1236
1.8111557525358737,1260
1.8188480602281814,1282
1.826540367920489,1289
1.8342326756127967,1267
1.8419249833051043,1227
1.849617290997412,1162
1.8573095986897197,1066
1.8650019063820276,951
1.8726942140743352,850
1.880386521766643,774
1.8880788294589506,721
1.8957711371512582,687
1.9034634448435659,673
1.9111557525358736,668
1.9188480602281812,663
1.9265403679204889,654
1.9342326756127965,649
1.9419249833051044,651
1.949617290997412,656
1.9573095986897198,654
1.9650019063820274,649
1.972694214074335,649
1.980386521766643,649
1.9880788294589506,647
1.9957711371512583,642
2.003463444843566,637
2.0111557525358736,635
2.0188480602281813,623
2.026540367920489,599
2.0342326756127966,594
2.0419249833051043,601
2.049617290997412,591
2.0573095986897196,577
2.0650019063820273,575
2.0726942140743354,568
2.080386521766643,548
2.0880788294589507,548
2.0957711371512584,553
2.103463444843566,532
2.1111557525358737,500
2.1188480602281814,488
2.126540367920489,491
2.1342326756127967,479
2.1419249833051044,462
2.149617290997412,455
2.1573095986897197,452
2.1650019063820274,445
2.172694214074335,433
2.1803865217666427,428
2.1880788294589504,428
2.195771137151258,421
2.2034634448435657,412
2.2193556660058675,409
2.227047973698175,405
2.234740281390483,397
2.2424325890827905,397
2.250124896775098,393
2.257817204467406,373
2.2655095121597135,354
2.273201819852021,340
2.280894127544329,333
2.288586435236637,323
2.2962787429289446,309
2.3039710506212523,289
2.31166335831356,285
2.3193556660058676,289
2.3270479736981753,294
2.334740281390483,299
2.3424325890827906,306
2.3501248967750983,306
2.357817204467406,287
2.3655095121597136,268
2.3732018198520213,258
2.380894127544329,249
2.3885864352366366,237
2.3962787429289443,230
2.4039710506212524,222
2.41166335831356,222
2.4193556660058677,225
2.4270479736981754,225
2.434740281390483,227
2.4424325890827907,225
2.4501248967750984,201
2.457817204467406,136
2.4655095121597137,127
2.4732018198520214,472
2.480894127544329,1193
2.4885864352366367,1821
2.4962787429289444,1982
2.503971050621252,1416
2.5116633583135597,244
2.5193556660058674,-457
2.527047973698175,-198
2.5347402813904827,91
2.542432589082791,-21
2.5501248967750985,-57
2.557817204467406,45
2.565509512159714,52
2.5732018198520215,40
2.580894127544329,76
2.588586435236637,95
2.5962787429289444,98
2.603971050621252,115
2.61166335831356,136
2.6193556660058674,134
2.627047973698175,134
2.6347402813904828,167
2.642432589082791,210
2.6501248967750985,246
2.657817204467406,297
2.665509512159714,352
2.6732018198520215,400
2.680894127544329,443
2.688586435236637,476
2.6962787429289445,491
2.703971050621252,486
2.71166335831356,455
2.7193556660058675,381
2.727047973698175,282
2.734740281390483,186
2.7424325890827905,86
2.750124896775098,7
2.757817204467406,-35
2.7655095121597135,-71
2.773201819852021,-98
2.78911345799861,-88
2.7968057656909178,-71
2.8044980733832254,-69
2.812190381075533,-69
2.8198826887678408,-62
2.8275749964601484,-55
2.835267304152456,-52
2.8429596118447638,-52
2.8506519195370714,-47
2.8583442272293795,-35
2.866036534921687,-28
2.873728842613995,-23
2.8814211503063025,-14
2.88911345799861,-4
2.896805765690918,-4
2.9044980733832255,-9
2.912190381075533,-9
2.919882688767841,0
2.9275749964601485,2
2.935267304152456,-14
2.942959611844764,-16
2.9506519195370715,0
2.958344227229379,4
2.966036534921687,-2
2.973728842613995,-2
2.9814211503063026,4
2.9891134579986103,2
2.996805765690918,-9
3.0044980733832256,-9
3.0121903810755333,2
3.019882688767841,0
3.0275749964601486,-14
3.0352673041524563,-9
3.042959611844764,-2
3.0506519195370716,-11
3.0583442272293793,-19
3.066036534921687,-26
3.0737288426139946,-38
3.0814211503063023,-52
3.08911345799861,-50
3.0968057656909176,-45
3.1044980733832253,-57
3.1121903810755334,-64
3.119882688767841,-62
3.1275749964601487,-81
3.1352673041524564,-98
3.142959611844764,-95
3.1506519195370717,-95
3.1583442272293794,-98
3.166036534921687,-74
3.1737288426139947,-43
3.1814211503063023,-35
3.18911345799861,-31
3.1968057656909177,-14
3.2044980733832253,-16
3.2121903810755335,-33
3.219882688767841,-38
3.227574996460149,-50
3.2352673041524564,-67
3.242959611844764,-57
3.2506519195370718,-45
3.2583442272293794,-40
3.266036534921687,-43
3.2737288426139948,-50
3.2814211503063024,-55
3.28911345799861,-59
3.2968057656909178,-67
3.3044980733832254,-105
3.312190381075533,-141
3.3198826887678408,71
3.3275749964601484,671
3.335267304152456,1325
3.3429596118447638,1658
3.359601707998081,1390
3.3672940156903888,376
3.3749863233826964,-589
3.382678631075004,-587
3.3903709387673118,-172
3.3980632464596194,-182
3.405755554151927,-280
3.4134478618442348,-174
3.4211401695365424,-146
3.4288324772288505,-191
3.436524784921158,-158
3.444217092613466,-115
3.4519094003057735,-103
3.459601707998081,-88
3.467294015690389,-64
3.4749863233826965,-43
3.482678631075004,-19
3.490370938767312,14
3.4980632464596195,50
3.505755554151927,83
3.513447861844235,112
3.5211401695365425,162
3.52883247722885,213
3.536524784921158,251
3.544217092613466,294
3.5519094003057736,321
3.5596017079980813,313
3.567294015690389,289
3.5749863233826966,239
3.5826786310750043,155
3.590370938767312,55
3.5980632464596196,-55
3.6057555541519273,-153
3.613447861844235,-208
3.6211401695365426,-222
3.6288324772288503,-225
3.636524784921158,-242
3.6442170926134656,-256
3.6519094003057733,-249
3.659601707998081,-237
3.6672940156903886,-232
3.6749863233826963,-218
3.6826786310750044,-196
3.690370938767312,-186
3.6980632464596197,-184
3.7057555541519274,-174
3.713447861844235,-158
3.7211401695365427,-150
3.7288324772288504,-141
3.736524784921158,-127
3.7442170926134657,-115
3.7519094003057734,-110
3.759601707998081,-117
3.7672940156903887,-124
3.7749863233826964,-122
3.7826786310750045,-117
3.790370938767312,-115
3.79806324645962,-115
3.8057555541519275,-115
3.813447861844235,-112
3.821140169536543,-110
3.8288324772288505,-107
3.836524784921158,-110
3.844217092613466,-112
3.8519094003057734,-98
3.859601707998081,-83
3.8672940156903888,-91
3.8749863233826964,-100
3.882678631075004,-95
3.8903709387673118,-91
3.8980632464596194,-93
3.905755554151927,-93
3.9134478618442348,-83
3.898218916001497,-76
3.9059112236938045,-76
3.913603531386112,-86
3.92129583907842,-86
3.9289881467707275,-69
3.936680454463035,-67
3.944372762155343,-79
3.9520650698476505,-76
3.959757377539958,-79
3.9674496852322663,-98
3.975141992924574,-117
3.9828343006168816,-100
3.9905266083091893,-64
3.998218916001497,-59
4.005911223693804,-71
4.013603531386112,-59
4.0212958390784195,-62
4.028988146770728,-79
4.036680454463036,-91
4.044372762155343,-103
4.052065069847651,-105
4.059757377539959,-100
4.067449685232266,-103
4.075141992924574,-95
4.082834300616882,-79
4.090526608309189,-79
4.098218916001497,-93
4.105911223693805,-86
4.113603531386112,-93
4.12129583907842,-165
4.128988146770728,-206
4.136680454463035,100
4.144372762155343,793
4.152065069847651,1418
4.159757377539958,1627
4.167449685232266,1200
4.175141992924574,103
4.182834300616881,-730
4.190526608309189,-565
4.198218916001497,-186
4.205911223693804,-258
4.213603531386112,-330
4.22129583907842,-218
4.228988146770727,-191
4.236680454463035,-213
4.244372762155343,-174
4.25206506984765,-150
4.259757377539959,-153
4.2674496852322665,-134
4.275141992924574,-112
4.282834300616882,-91
4.2905266083091895,-62
4.298218916001497,-31
4.305911223693805,2
4.3136035313861125,43
4.32129583907842,88
4.328988146770728,131
4.3366804544630355,179
4.344372762155343,230
4.352065069847651,270
4.3597573775399585,289
4.367449685232266,282
4.375141992924574,249
4.3828343006168815,194
4.390526608309189,100
4.398218916001497,-9
4.4059112236938045,-103
4.413603531386112,-177
4.42129583907842,-237
4.4289881467707275,-268
4.436680454463035,-273
4.444372762155343,-282
4.4520650698476505,-292
4.469591333006974,-285
4.477283640699282,-266
4.48497594839159,-249
4.492668256083897,-242
4.500360563776205,-244
4.508052871468513,-244
4.51574517916082,-234
4.523437486853128,-237
4.531129794545436,-237
4.538822102237743,-215
4.546514409930051,-201
4.554206717622359,-201
4.561899025314666,-196
4.569591333006974,-186
4.577283640699282,-179
4.584975948391589,-174
4.592668256083897,-167
4.6003605637762055,-167
4.608052871468513,-177
4.615745179160821,-184
4.6234374868531285,-186
4.631129794545436,-194
4.638822102237744,-201
4.6465144099300515,-210
4.654206717622359,-218
4.661899025314667,-210
4.6695913330069745,-201
4.677283640699282,-201
4.68497594839159,-198
4.6926682560838975,-191
4.700360563776205,-191
4.708052871468513,-196
4.7157451791608205,-191
4.723437486853128,-177
4.731129794545436,-170
4.7388221022377435,-172
4.746514409930051,-184
4.754206717622359,-194
4.7618990253146665,-182
4.769591333006974,-170
4.777283640699282,-162
4.7849759483915895,-158
4.792668256083897,-165
4.800360563776205,-167
4.8080528714685125,-160
4.81574517916082,-155
4.823437486853128,-136
4.831129794545436,-103
4.838822102237744,-86
4.846514409930052,-91
4.854206717622359,-91
4.861899025314667,-95
4.869591333006975,-103
4.877283640699282,-115
4.88497594839159,-129
4.892668256083898,-131
4.900360563776205,-112
4.908052871468513,-105
4.915745179160821,-115
4.923437486853128,-112
4.931129794545436,-107
4.938822102237744,-110
4.946514409930051,-117
4.954206717622359,-155
4.961899025314667,-208
4.969591333006974,-31
4.977283640699282,575
4.98497594839159,1289
4.992668256083897,1677
5.000360563776205,1466
5.008052871468513,476
5.01574517916082,-579
5.023437486853128,-680
5.011341666002409,-266
5.019033973694716,-249
5.026726281387024,-366
5.034418589079332,-268
5.042110896771639,-213
5.049803204463947,-246
5.057495512156255,-220
5.065187819848562,-179
5.07288012754087,-184
5.080572435233178,-182
5.088264742925485,-143
5.095957050617793,-115
5.103649358310101,-107
5.111341666002408,-81
5.119033973694716,-40
5.126726281387024,-9
5.134418589079331,7
5.14211089677164,43
5.1498032044639475,103
5.157495512156255,158
5.165187819848563,194
5.1728801275408705,222
5.180572435233178,237
5.188264742925486,215
5.1959570506177934,160
5.203649358310101,83
5.211341666002409,-4
5.219033973694716,-103
5.226726281387024,-184
5.234418589079332,-237
5.242110896771639,-278
5.249803204463947,-297
5.257495512156255,-294
5.265187819848562,-282
5.27288012754087,-280
5.280572435233178,-287
5.288264742925485,-282
5.295957050617793,-256
5.303649358310101,-239
5.311341666002408,-239
5.319033973694716,-227
5.326726281387024,-218
5.334418589079331,-218
5.342110896771639,-208
5.349803204463947,-189
5.357495512156254,-182
5.365187819848562,-184
5.372880127540871,-184
5.380572435233178,-174
5.388264742925486,-165
5.395957050617794,-165
5.403649358310101,-167
5.411341666002409,-165
5.419033973694717,-155
5.426726281387024,-150
5.434418589079332,-158
5.44211089677164,-162
5.449803204463947,-160
5.457495512156255,-170
5.465187819848563,-186
5.47288012754087,-194
5.480572435233178,-191
5.488264742925486,-191
5.495957050617793,-189
5.503649358310101,-179
5.511341666002409,-177
5.519033973694716,-186
5.526726281387024,-186
5.534418589079332,-172
5.542110896771639,-165
5.549803204463947,-170
5.557495512156255,-165
5.565187819848562,-153
5.580710166002973,-146
5.588402473695281,-148
5.596094781387588,-143
5.603787089079896,-131
5.611479396772204,-134
5.619171704464511,-158
5.626864012156819,-179
5.634556319849127,-167
5.642248627541434,-148
5.649940935233742,-146
5.65763324292605,-141
5.665325550618357,-122
5.673017858310665,-115
5.680710166002973,-124
5.68840247369528,-129
5.696094781387588,-129
5.703787089079896,-141
5.711479396772204,-150
5.719171704464512,-148
5.7268640121568195,-148
5.734556319849127,-150
5.742248627541435,-150
5.7499409352337425,-158
5.75763324292605,-150
5.765325550618358,-127
5.7730178583106655,-143
5.780710166002973,-220
5.788402473695281,-167
5.7960947813875885,294
5.803787089079896,1020
5.811479396772204,1567
5.8191717044645115,1636
5.826864012156819,939
5.834556319849127,-239
5.8422486275414345,-745
5.849940935233742,-393
5.85763324292605,-201
5.8653255506183575,-345
5.873017858310665,-316
5.880710166002973,-213
5.8884024736952805,-234
5.896094781387588,-234
5.903787089079896,-179
5.9114793967722035,-162
5.919171704464511,-158
5.926864012156819,-134
5.9345563198491265,-115
5.942248627541435,-103
5.949940935233743,-71
5.95763324292605,-31
5.965325550618358,-9
5.973017858310666,9
5.980710166002973,50
5.988402473695281,103
5.996094781387589,155
6.003787089079896,203
6.011479396772204,232
6.019171704464512,239
6.026864012156819,232
6.034556319849127,206
6.042248627541435,141
6.049940935233742,47
6.05763324292605,-45
6.065325550618358,-124
6.073017858310665,-189
6.080710166002973,-239
6.088402473695281,-261
6.096094781387588,-261
6.103787089079896,-261
6.111479396772204,-261
6.119171704464511,-249
6.126864012156819,-242
6.134556319849127,-237
6.120402415996068,-227
6.128094723688376,-230
6.1357870313806835,-246
6.143479339072991,-249
6.151171646765299,-234
6.1588639544576065,-218
6.166556262149914,-215
6.174248569842222,-230
6.1819408775345295,-232
6.189633185226837,-215
6.197325492919145,-218
6.2050178006114525,-220
6.21271010830376,-203
6.220402415996068,-191
6.2280947236883755,-186
6.235787031380683,-184
6.243479339072991,-184
6.251171646765299,-177
6.258863954457607,-167
6.266556262149915,-165
6.274248569842222,-160
6.28194087753453,-167
6.289633185226838,-182
6.297325492919145,-186
6.305017800611453,-186
6.312710108303761,-182
6.320402415996068,-182
6.328094723688376,-179
6.335787031380684,-174
6.343479339072991,-167
6.351171646765299,-170
6.358863954457607,-165
6.366556262149914,-153
6.374248569842222,-148
6.38194087753453,-155
6.389633185226837,-153
6.397325492919145,-141
6.405017800611453,-134
6.41271010830376,-131
6.420402415996068,-129
6.428094723688376,-129
6.435787031380683,-136
6.443479339072991,-143
6.451171646765299,-150
6.458863954457606,-134
6.466556262149914,-100
6.474248569842222,-81
6.48194087753453,-74
6.489633185226838,-64
6.4973254929191455,-69
6.505017800611453,-79
6.512710108303761,-86
6.5204024159960685,-105
6.528094723688376,-117
6.535787031380684,-110
6.5434793390729915,-105
6.551171646765299,-103
6.558863954457607,-103
6.5665562621499145,-107
6.574248569842222,-103
6.58194087753453,-91
6.5896331852268375,-100
6.597325492919145,-155
6.605017800611453,-184
6.6127101083037605,107
6.620402415996068,793
6.628094723688376,1449
6.6357870313806835,1694
6.643479339072991,1241
6.651171646765299,110
6.6588639544576065,-714
6.666556262149914,-546
6.674248569842222,-203
6.719013750000158,-294
6.726706057692466,-366
6.734398365384774,-261
6.742090673077081,-244
6.749782980769389,-278
6.757475288461697,-242
6.765167596154004,-198
6.772859903846312,-186
6.78055221153862,-172
6.788244519230927,-150
6.795936826923235,-127
6.803629134615543,-100
6.81132144230785,-71
6.819013750000158,-38
6.826706057692466,-2
6.834398365384773,38
6.842090673077081,81
6.8497829807693895,134
6.857475288461697,189
6.865167596154005,230
6.8728599038463125,249
6.88055221153862,249
6.888244519230928,225
6.8959368269232355,170
6.903629134615543,88
6.911321442307851,-4
6.9190137500001585,-91
6.926706057692466,-170
6.934398365384774,-227
6.9420906730770815,-251
6.949782980769389,-256
6.957475288461697,-256
6.9651675961540045,-266
6.972859903846312,-270
6.98055221153862,-268
6.9882445192309275,-263
6.995936826923235,-256
7.003629134615543,-251
7.0113214423078505,-251
7.019013750000158,-234
7.026706057692466,-210
7.0343983653847735,-194
7.042090673077081,-182
7.049782980769389,-182
7.0574752884616965,-179
7.065167596154004,-172
7.072859903846312,-167
7.08055221153862,-167
7.088244519230928,-155
7.095936826923236,-139
7.103629134615543,-143
7.111321442307851,-153
7.119013750000159,-143
7.126706057692466,-134
7.134398365384774,-134
7.142090673077082,-134
7.149782980769389,-134
7.157475288461697,-148
7.165167596154005,-158
7.172859903846312,-167
7.18055221153862,-186
7.188244519230928,-194
7.195936826923235,-186
7.203629134615543,-194
7.211321442307851,-196
7.219013750000158,-191
7.226706057692466,-196
7.234398365384774,-198
7.242090673077081,-184
7.249782980769389,-177
7.257475288461697,-177
7.265167596154004,-170
7.272859903846312,-160
7.289221166007337,-160
7.296913473699645,-160
7.3046057813919525,-162
7.31229808908426,-167
7.319990396776568,-153
7.3276827044688755,-117
7.335375012161183,-95
7.343067319853491,-95
7.3507596275457985,-86
7.358451935238106,-93
7.366144242930414,-119
7.3738365506227215,-127
7.381528858315029,-127
7.389221166007337,-143
7.3969134736996445,-143
7.404605781391952,-134
7.41229808908426,-136
7.419990396776568,-146
7.427682704468876,-131
7.435375012161184,-117
7.443067319853491,-122
7.450759627545799,-131
7.458451935238107,-172
7.466144242930414,-208
7.473836550622722,19
7.48152885831503,642
7.489221166007337,1279
7.496913473699645,1543
7.504605781391953,1176
7.51229808908426,139
7.519990396776568,-697
7.527682704468876,-582
7.535375012161183,-203
7.543067319853491,-249
7.550759627545799,-330
7.558451935238106,-225
7.566144242930414,-196
7.573836550622722,-227
7.581528858315029,-182
7.589221166007337,-141
7.596913473699645,-143
7.604605781391952,-129
7.61229808908426,-103
7.619990396776568,-83
7.627682704468875,-62
7.635375012161183,-40
7.643067319853491,-7
7.650759627545799,45
7.658451935238107,88
7.6661442429304145,127
7.673836550622722,177
7.68152885831503,230
7.6892211660073375,256
7.696913473699645,258
7.704605781391953,254
7.7122980890842605,234
7.719990396776568,167
7.727682704468876,71
7.7353750121611835,-26
7.743067319853491,-122
7.750759627545799,-206
7.7584519352381065,-256
7.766144242930414,-289
7.773836550622722,-321
7.7815288583150295,-342
7.789221166007337,-333
7.796913473699645,-306
7.8046057813919525,-294
7.81229808908426,-287
7.819990396776568,-268
7.8276827044688755,-249
7.835375012161183,-246
7.843067319853491,-249
7.829811625008006,-239
7.837503932700313,-227
7.845196240392621,-220
7.852888548084929,-213
7.860580855777236,-203
7.868273163469544,-196
7.875965471161852,-189
7.883657778854159,-191
7.891350086546467,-189
7.899042394238775,-170
7.906734701931082,-160
7.91442700962339,-179
7.922119317315698,-191
7.929811625008005,-174
7.937503932700313,-162
7.945196240392621,-172
7.952888548084928,-174
7.960580855777237,-162
7.9682731634695445,-170
7.975965471161852,-186
7.98365777885416,-186
7.9913500865464675,-186
7.999042394238775,-201
8.006734701931082,-194
8.01442700962339,-179
8.022119317315697,-184
8.029811625008005,-186
8.037503932700313,-179
8.04519624039262,-170
8.052888548084928,-162
8.060580855777236,-167
8.068273163469543,-174
8.075965471161851,-174
8.08365777885416,-172
8.091350086546468,-165
8.099042394238776,-134
8.106734701931083,-105
8.114427009623391,-98
8.122119317315699,-91
8.129811625008006,-88
8.137503932700314,-98
8.145196240392622,-115
8.15288854808493,-134
8.160580855777237,-141
8.168273163469545,-131
8.175965471161852,-129
8.18365777885416,-143
8.191350086546468,-162
8.199042394238775,-170
8.206734701931083,-165
8.21442700962339,-155
8.222119317315698,-150
8.229811625008006,-186
8.237503932700314,-232
8.245196240392621,-7
8.252888548084929,632
8.260580855777237,1289
8.268273163469544,1560
8.275965471161852,1215
8.28365777885416,189
8.291350086546467,-699
8.299042394238775,-620
8.306734701931083,-218
8.31442700962339,-239
8.322119317315698,-328
8.329811625008006,-230
8.337503932700313,-201
8.345196240392621,-227
8.352888548084929,-184
8.360580855777236,-150
8.368273163469544,-150
8.375965471161852,-129
8.38365777885416,-103
8.369166750009754,-88
8.376859057702061,-67
8.384551365394369,-33
8.392243673086677,2
8.399935980778984,33
8.407628288471292,67
8.4153205961636,103
8.423012903855907,141
8.430705211548215,177
8.438397519240523,210
8.44608982693283,242
8.453782134625138,246
8.461474442317446,213
8.469166750009753,155
8.476859057702061,76
8.484551365394369,-28
8.492243673086676,-127
8.499935980778984,-194
8.507628288471292,-244
8.5153205961636,-278
8.523012903855907,-287
8.530705211548215,-280
8.538397519240522,-268
8.54608982693283,-266
8.553782134625138,-270
8.561474442317445,-254
8.569166750009753,-227
8.57685905770206,-215
8.584551365394368,-210
8.592243673086676,-201
8.599935980778984,-189
8.607628288471291,-179
8.615320596163599,-179
8.623012903855908,-179
8.630705211548216,-167
8.638397519240524,-162
8.646089826932831,-172
8.65378213462514,-170
8.661474442317447,-170
8.669166750009754,-189
8.676859057702062,-189
8.68455136539437,-172
8.692243673086677,-167
8.699935980778985,-170
8.707628288471293,-167
8.7153205961636,-165
8.723012903855908,-172
8.730705211548216,-174
8.738397519240523,-165
8.746089826932831,-143
8.753782134625139,-131
8.761474442317446,-146
8.769166750009754,-155
8.776859057702062,-155
8.78455136539437,-167
8.792243673086677,-179
8.799935980778985,-177
8.807628288471292,-165
8.8153205961636,-162
8.823012903855908,-174
8.830705211548215,-172
8.838397519240523,-162
8.84608982693283,-170
8.853782134625138,-182
8.861474442317446,-167
8.869166750009754,-134
8.876859057702061,-115
8.884551365394369,-117
8.892243673086677,-105
8.899935980778984,-93
8.907628288471292,-100
8.9153205961636,-122
8.923012903855907,-136
8.93967520800652,-136
8.947367515698827,-134
8.955059823391135,-139
8.962752131083443,-131
8.97044443877575,-127
8.978136746468058,-146
8.985829054160366,-158
8.993521361852673,-143
9.001213669544981,-139
9.008905977237289,-182
9.016598284929596,-239
9.024290592621904,-76
9.031982900314212,510
9.03967520800652,1219
9.047367515698827,1608
9.055059823391135,1411
9.062752131083442,457
9.07044443877575,-587
9.078136746468058,-697
9.085829054160365,-273
9.093521361852673,-244
9.10121366954498,-371
9.108905977237288,-280
9.116598284929596,-222
9.124290592621904,-254
9.131982900314211,-225
9.13967520800652,-172
9.147367515698827,-153
9.155059823391134,-136
9.162752131083442,-122
9.17044443877575,-119
9.178136746468057,-117
9.185829054160365,-100
9.193521361852675,-69
9.201213669544982,-33
9.20890597723729,7
9.216598284929598,57
9.224290592621905,105
9.231982900314213,160
9.23967520800652,208
9.247367515698828,227
9.255059823391136,218
9.262752131083444,206
9.270444438775751,172
9.278136746468059,98
9.285829054160367,0
9.293521361852674,-95
9.301213669544982,-174
9.30890597723729,-232
9.316598284929597,-263
9.324290592621905,-270
9.331982900314213,-268
9.33967520800652,-270
9.347367515698828,-261
9.355059823391136,-242
9.362752131083443,-232
9.37044443877575,-230
9.378136746468059,-215
9.385829054160366,-196
9.393521361852674,-196
9.401213669544981,-198
9.40890597723729,-194
9.416598284929597,-186
9.424290592621904,-179
9.431982900314212,-174
9.43967520800652,-172
9.447367515698827,-167
9.455059823391135,-160
9.462752131083443,-162
9.47044443877575,-167
9.478136746468058,-165
9.485829054160366,-160
9.493521361852673,-162
9.479662958008703,-158
9.48735526570101,-150
9.495047573393318,-150
9.502739881085626,-150
9.510432188777934,-153
9.518124496470241,-148
9.525816804162549,-150
9.533509111854856,-162
9.541201419547164,-160
9.548893727239472,-153
9.55658603493178,-158
9.564278342624087,-158
9.571970650316395,-148
9.579662958008702,-146
9.58735526570101,-143
9.595047573393318,-146
9.602739881085625,-153
9.610432188777933,-150
9.61812449647024,-162
9.625816804162548,-182
9.633509111854856,-184
9.641201419547164,-182
9.648893727239471,-172
9.65658603493178,-158
9.664278342624087,-155
9.671970650316394,-155
9.679662958008702,-150
9.68735526570101,-162
9.695047573393317,-179
9.702739881085625,-189
9.710432188777933,-189
9.71812449647024,-182
9.725816804162548,-179
9.733509111854858,-177
9.741201419547165,-172
9.748893727239473,-167
9.75658603493178,-160
9.764278342624088,-150
9.771970650316396,-158
9.779662958008704,-213
9.787355265701011,-244
9.795047573393319,35
9.802739881085627,718
9.810432188777934,1392
9.818124496470242,1656
9.82581680416255,1229
9.833509111854857,110
9.841201419547165,-728
9.848893727239473,-568
9.85658603493178,-218
9.864278342624088,-306
9.871970650316396,-378
9.879662958008703,-270
9.88735526570101,-251
9.895047573393319,-266
9.902739881085626,-218
9.910432188777934,-191
9.918124496470242,-191
9.92581680416255,-165
9.933509111854857,-136
9.941201419547165,-122
9.948893727239472,-93
9.95658603493178,-57
9.964278342624088,-28
9.971970650316395,-2
9.979662958008703,40
9.98735526570101,91
9.995047573393318,143
10.002739881085626,194
10.010432188777934,234
10.018124496470241,251
10.025816804162549,244
10.033509111854856,220
10.079708416000358,172
10.087400723692665,88
10.095093031384973,-16
10.10278533907728,-119
10.110477646769588,-203
10.118169954461896,-246
10.125862262154204,-263
10.133554569846511,-278
10.14124687753882,-287
10.148939185231127,-285
10.156631492923434,-270
10.164323800615742,-263
10.17201610830805,-256
10.179708416000357,-237
10.187400723692665,-220
10.195093031384973,-225
10.20278533907728,-234
10.210477646769588,-230
10.218169954461896,-213
10.225862262154203,-210
10.233554569846511,-213
10.241246877538819,-201
10.248939185231126,-182
10.256631492923434,-174
10.264323800615742,-174
10.27201610830805,-165
10.279708416000357,-148
10.287400723692665,-146
10.295093031384972,-153
10.30278533907728,-155
10.310477646769588,-155
10.318169954461895,-158
10.325862262154203,-158
10.333554569846513,-155
10.34124687753882,-158
10.348939185231128,-160
10.356631492923436,-150
10.364323800615743,-141
10.37201610830805,-148
10.379708416000359,-158
10.387400723692666,-150
10.395093031384974,-139
10.402785339077282,-134
10.41047764676959,-134
10.418169954461897,-143
10.425862262154205,-160
10.433554569846512,-155
10.44124687753882,-134
10.448939185231128,-127
10.456631492923435,-139
10.464323800615743,-143
10.47201610830805,-155
10.479708416000358,-153
10.487400723692666,-117
10.495093031384974,-100
10.502785339077281,-115
10.510477646769589,-110
10.518169954461897,-117
10.525862262154204,-146
10.533554569846512,-155
10.54124687753882,-143
10.548939185231127,-148
10.556631492923435,-167
10.564323800615742,-162
10.57201610830805,-143
10.579708416000358,-139
10.587400723692665,-139
10.595093031384973,-136
10.60278533907728,-136
10.610477646769588,-153
10.618169954461896,-222
10.625862262154204,-198
10.633554569846511,220
10.647975708008744,939
10.655668015701051,1478
10.66336032339336,1514
10.671052631085667,824
10.678744938777974,-311
10.686437246470282,-807
10.69412955416259,-440
10.701821861854897,-215
10.709514169547205,-364
10.717206477239513,-373
10.72489878493182,-268
10.732591092624128,-270
10.740283400316436,-285
10.747975708008743,-251
10.755668015701051,-227
10.763360323393359,-203
10.771052631085666,-162
10.778744938777974,-141
10.786437246470282,-124
10.79412955416259,-91
10.801821861854897,-62
10.809514169547205,-43
10.817206477239512,0
10.82489878493182,57
10.832591092624128,115
10.840283400316435,170
10.847975708008743,213
10.85566801570105,244
10.863360323393358,256
10.871052631085666,239
10.878744938777974,208
10.886437246470281,146
10.894129554162589,38
10.901821861854899,-76
10.909514169547206,-162
10.917206477239514,-234
10.924898784931822,-289
10.93259109262413,-309
10.940283400316437,-301
10.947975708008745,-297
10.955668015701052,-297
10.96336032339336,-287
10.971052631085668,-266
10.978744938777975,-254
10.986437246470283,-251
10.99412955416259,-237
11.001821861854898,-218
11.009514169547206,-208
11.017206477239514,-198
11.024898784931821,-184
11.032591092624129,-179
11.040283400316437,-174
11.047975708008744,-167
11.055668015701052,-160
11.06336032339336,-158
11.071052631085667,-158
11.078744938777975,-146
11.086437246470283,-134
11.09412955416259,-131
11.101821861854898,-134
11.109514169547205,-136
11.117206477239513,-143
11.12489878493182,-141
11.132591092624128,-134
11.140283400316436,-141
11.147975708008744,-158
11.155668015701051,-150
11.16336032339336,-146
11.171052631085667,-162
11.178744938777974,-160
11.186437246470282,-139
11.19412955416259,-141
11.201821861854897,-153
11.189293707997422,-158
11.19698601568973,-179
11.204678323382037,-191
11.212370631074345,-179
11.220062938766652,-167
11.22775524645896,-150
11.235447554151268,-124
11.243139861843575,-122
11.250832169535883,-117
11.25852447722819,-107
11.266216784920498,-131
11.273909092612806,-167
11.281601400305114,-170
11.289293707997421,-167
11.296986015689729,-182
11.304678323382037,-194
11.312370631074344,-189
11.320062938766652,-177
11.32775524645896,-177
11.335447554151267,-174
11.343139861843575,-160
11.350832169535883,-158
11.35852447722819,-201
11.366216784920498,-256
11.373909092612806,-62
11.381601400305113,568
11.389293707997421,1267
11.396986015689729,1588
11.404678323382036,1303
11.412370631074344,292
11.420062938766652,-695
11.42775524645896,-709
11.435447554151267,-278
11.443139861843576,-275
11.450832169535884,-383
11.458524477228192,-278
11.4662167849205,-234
11.473909092612807,-270
11.481601400305115,-237
11.489293707997422,-184
11.49698601568973,-179
11.504678323382038,-174
11.512370631074345,-153
11.520062938766653,-129
11.52775524645896,-98
11.535447554151268,-67
11.543139861843576,-43
11.550832169535884,-2
11.558524477228191,40
11.566216784920499,81
11.573909092612807,131
11.581601400305114,194
11.589293707997422,237
11.59698601568973,249
11.604678323382037,242
11.612370631074345,213
11.620062938766653,155
11.62775524645896,64
11.635447554151268,-47
11.643139861843576,-148
11.650832169535883,-218
11.658524477228191,-263
11.666216784920499,-285
11.673909092612806,-287
11.681601400305114,-287
11.689293707997422,-285
11.69698601568973,-289
11.704678323382037,-301
11.712370631074345,-287
11.720062938766652,-266
11.72775524645896,-244
11.735447554151268,-225
11.743139861843575,-222
11.729996541005676,-225
11.737688848697983,-206
11.745381156390291,-186
11.753073464082599,-182
11.760765771774906,-170
11.768458079467214,-160
11.776150387159522,-165
11.78384269485183,-167
11.791535002544137,-170
11.799227310236445,-167
11.806919617928752,-162
11.81461192562106,-158
11.822304233313368,-158
11.829996541005675,-150
11.837688848697983,-146
11.84538115639029,-148
11.853073464082598,-153
11.860765771774906,-153
11.868458079467214,-150
11.876150387159521,-150
11.883842694851829,-155
11.891535002544137,-155
11.899227310236444,-155
11.906919617928752,-160
11.91461192562106,-165
11.922304233313367,-155
11.929996541005675,-143
11.937688848697983,-153
11.94538115639029,-167
11.953073464082598,-165
11.960765771774906,-160
11.968458079467213,-155
11.976150387159521,-124
11.98384269485183,-86
11.991535002544138,-74
11.999227310236446,-81
12.006919617928753,-86
12.014611925621061,-91
12.022304233313369,-103
12.029996541005676,-127
12.037688848697984,-131
12.045381156390292,-122
12.0530734640826,-134
12.060765771774907,-153
12.068458079467215,-150
12.076150387159522,-139
12.08384269485183,-141
12.091535002544138,-150
12.099227310236445,-167
12.106919617928753,-232
12.11461192562106,-275
12.122304233313368,28
12.129996541005676,752
12.137688848697984,1416
12.145381156390291,1634
12.153073464082599,1169
12.160765771774907,38
12.168458079467214,-771
12.176150387159522,-587
12.18384269485183,-266
12.191535002544137,-385
12.199227310236445,-440
12.206919617928753,-316
12.21461192562106,-294
12.222304233313368,-304
12.229996541005676,-256
12.237688848697983,-239
12.245381156390291,-242
12.253073464082599,-213
12.260765771774906,-182
12.268458079467214,-160
12.276150387159522,-139
12.28384269485183,-107
12.30067179100297,-79
12.308364098695277,-40
12.316056406387585,14
12.323748714079892,69
12.3314410217722,107
12.339133329464508,136
12.346825637156815,170
12.354517944849123,196
12.36221025254143,194
12.369902560233738,160
12.377594867926046,105
12.385287175618354,26
12.392979483310661,-64
12.400671791002969,-150
12.408364098695277,-215
12.416056406387584,-258
12.423748714079892,-282
12.4314410217722,-297
12.439133329464507,-297
12.446825637156815,-275
12.454517944849123,-254
12.46221025254143,-249
12.469902560233738,-244
12.477594867926046,-234
12.485287175618353,-222
12.49297948331066,-208
12.500671791002969,-196
12.508364098695276,-182
12.516056406387584,-177
12.523748714079892,-182
12.5314410217722,-172
12.539133329464507,-153
12.546825637156815,-146
12.554517944849124,-148
12.562210252541432,-139
12.56990256023374,-134
12.577594867926047,-136
12.585287175618355,-134
12.592979483310662,-122
12.60067179100297,-115
12.608364098695278,-122
12.616056406387585,-139
12.623748714079893,-139
12.6314410217722,-127
12.639133329464508,-122
12.646825637156816,-122
12.654517944849124,-122
12.662210252541431,-127
12.669902560233739,-122
12.677594867926047,-115
12.685287175618354,-107
12.692979483310662,-105
12.70067179100297,-124
12.708364098695277,-158
12.716056406387585,-167
12.723748714079893,-158
12.7314410217722,-162
12.739133329464508,-165
12.746825637156816,-158
12.754517944849123,-141
12.762210252541431,-122
12.769902560233739,-100
12.777594867926046,-76
12.785287175618354,-81
12.792979483310662,-103
12.80067179100297,-110
12.808364098695277,-119
12.816056406387585,-139
12.823748714079892,-134
12.8314410217722,-119
12.839133329464508,-127
12.846825637156815,-141
12.854517944849123,-150
12.84027500000957,-158
12.847967307701877,-165
12.855659615394185,-174
12.863351923086492,-215
12.8710442307788,-275
12.878736538471108,-139
12.886428846163415,431
12.894121153855723,1159
12.90181346154803,1584
12.909505769240338,1411
12.917198076932646,479
12.924890384624954,-582
12.932582692317261,-747
12.940275000009569,-333
12.947967307701877,-278
12.955659615394184,-414
12.963351923086492,-340
12.9710442307788,-270
12.978736538471107,-287
12.986428846163415,-261
12.994121153855723,-218
13.00181346154803,-213
13.009505769240338,-206
13.017198076932646,-174
13.024890384624953,-146
13.032582692317261,-124
13.040275000009569,-100
13.047967307701876,-67
13.055659615394184,-28
13.063351923086492,14
13.0710442307788,64
13.078736538471107,115
13.086428846163415,150
13.094121153855724,182
13.101813461548032,208
13.10950576924034,220
13.117198076932647,203
13.124890384624955,160
13.132582692317262,86
13.14027500000957,-11
13.147967307701878,-112
13.155659615394185,-184
13.163351923086493,-234
13.1710442307788,-266
13.178736538471108,-273
13.186428846163416,-285
13.194121153855724,-306
13.201813461548031,-311
13.209505769240339,-294
13.217198076932647,-280
13.224890384624954,-268
13.232582692317262,-246
13.24027500000957,-237
13.247967307701877,-234
13.255659615394185,-215
13.263351923086493,-194
13.2710442307788,-186
13.278736538471108,-191
13.286428846163416,-194
13.294121153855723,-179
13.301813461548031,-160
13.309505769240339,-158
13.317198076932646,-162
13.324890384624954,-160
13.332582692317262,-170
13.34027500000957,-182
13.347967307701877,-162
13.355659615394185,-143
13.363351923086492,-153
13.3710442307788,-162
13.378736538471108,-155
13.386428846163415,-148
13.394121153855723,-143
13.439487458002986,-139
13.447179765695294,-134
13.454872073387602,-136
13.46256438107991,-146
13.470256688772217,-155
13.477948996464525,-146
13.485641304156832,-136
13.49333361184914,-141
13.501025919541448,-148
13.508718227233755,-150
13.516410534926063,-148
13.52410284261837,-146
13.531795150310678,-155
13.539487458002986,-165
13.547179765695294,-143
13.554872073387601,-110
13.562564381079909,-93
13.570256688772217,-86
13.577948996464524,-71
13.585641304156832,-81
13.59333361184914,-100
13.601025919541447,-103
13.608718227233755,-112
13.616410534926063,-143
13.62410284261837,-153
13.631795150310678,-134
13.639487458002986,-131
13.647179765695293,-143
13.654872073387601,-139
13.662564381079909,-131
13.670256688772216,-139
13.677948996464524,-160
13.685641304156832,-225
13.693333611849141,-237
13.701025919541449,93
13.708718227233756,771
13.716410534926064,1363
13.724102842618372,1521
13.73179515031068,989
13.739487458002987,-139
13.747179765695295,-838
13.754872073387602,-572
13.76256438107991,-242
13.770256688772218,-335
13.777948996464525,-369
13.785641304156833,-268
13.79333361184914,-270
13.801025919541448,-280
13.808718227233756,-222
13.816410534926064,-194
13.824102842618371,-194
13.831795150310679,-172
13.839487458002987,-143
13.847179765695294,-122
13.854872073387602,-95
13.86256438107991,-69
13.870256688772217,-47
13.877948996464525,-7
13.885641304156833,50
13.89333361184914,100
13.901025919541448,155
13.908718227233756,213
13.916410534926063,239
13.924102842618371,249
13.931795150310679,256
13.939487458002986,227
13.947179765695294,150
13.954872073387602,57
13.96256438107991,-43
13.970256688772217,-143
13.977948996464525,-222
13.985641304156832,-261
13.99333361184914,-275
14.010959999999614,-289
14.018652307691921,-294
14.026344615384229,-282
14.034036923076536,-266
14.041729230768844,-261
14.049421538461152,-251
14.05711384615346,-230
14.064806153845767,-222
14.072498461538075,-232
14.080190769230382,-232
14.08788307692269,-215
14.095575384614998,-203
14.103267692307305,-196
14.110959999999613,-189
14.11865230769192,-191
14.126344615384228,-191
14.134036923076536,-177
14.141729230768844,-170
14.149421538461151,-162
14.15711384615346,-155
14.164806153845767,-158
14.172498461538074,-155
14.180190769230382,-143
14.18788307692269,-139
14.195575384614997,-139
14.203267692307305,-139
14.210959999999613,-141
14.21865230769192,-136
14.226344615384228,-131
14.234036923076536,-136
14.241729230768843,-139
14.249421538461151,-150
14.257113846153459,-170
14.264806153845768,-162
14.272498461538076,-148
14.280190769230384,-150
14.287883076922691,-143
14.295575384614999,-139
14.303267692307307,-148
14.310959999999614,-160
14.318652307691922,-167
14.32634461538423,-167
14.334036923076537,-146
14.341729230768845,-119
14.349421538461153,-117
14.35711384615346,-119
14.364806153845768,-112
14.372498461538076,-117
14.380190769230383,-124
14.38788307692269,-129
14.395575384614999,-148
14.403267692307306,-160
14.410959999999614,-155
14.418652307691922,-143
14.42634461538423,-136
14.434036923076537,-136
14.441729230768845,-136
14.449421538461152,-131
14.45711384615346,-129
14.464806153845768,-141
14.472498461538075,-196
14.480190769230383,-251
14.48788307692269,-40
14.495575384614998,599
14.503267692307306,1286
14.510959999999614,1588
14.518652307691921,1272
14.526344615384229,237
14.534036923076536,-716
14.541729230768844,-687
14.549421538461152,-273
14.55711384615346,-294
14.564806153845767,-393
14.549605000007432,-280
14.55729730769974,-242
14.564989615392047,-278
14.572681923084355,-237
14.580374230776663,-196
14.58806653846897,-206
14.595758846161278,-208
14.603451153853586,-179
14.611143461545893,-148
14.618835769238201,-124
14.626528076930509,-112
14.634220384622816,-88
14.641912692315124,-45
14.649605000007432,0
14.65729730769974,47
14.664989615392047,103
14.672681923084355,160
14.680374230776662,203
14.68806653846897,215
14.695758846161278,213
14.703451153853585,201
14.711143461545893,153
14.7188357692382,64
14.726528076930508,-38
14.734220384622816,-150
14.741912692315124,-251
14.749605000007431,-299
14.757297307699739,-309
14.764989615392047,-318
14.772681923084354,-325
14.780374230776662,-318
14.78806653846897,-304
14.795758846161277,-289
14.803451153853587,-273
14.811143461545894,-261
14.818835769238202,-251
14.82652807693051,-237
14.834220384622817,-225
14.841912692315125,-220
14.849605000007433,-208
14.85729730769974,-194
14.864989615392048,-189
14.872681923084356,-182
14.880374230776663,-172
14.888066538468971,-165
14.895758846161279,-160
14.903451153853586,-153
14.911143461545894,-146
14.918835769238202,-146
14.92652807693051,-143
14.934220384622817,-134
14.941912692315125,-124
14.949605000007432,-122
14.95729730769974,-127
14.964989615392048,-131
14.972681923084355,-129
14.980374230776663,-127
14.98806653846897,-127
14.995758846161278,-122
15.003451153853586,-117
15.011143461545894,-119
15.018835769238201,-124
15.026528076930509,-122
15.034220384622817,-112
15.041912692315124,-110
15.049605000007432,-122
15.05729730769974,-127
15.064989615392047,-119
15.072681923084355,-119
15.080374230776663,-131
15.08806653846897,-148
15.095758846161278,-143
15.103451153853586,-122
15.120487791005871,-103
15.128180098698179,-88
15.135872406390487,-74
15.143564714082794,-76
15.151257021775102,-88
15.15894932946741,-95
15.166641637159717,-110
15.174333944852025,-136
15.182026252544333,-148
15.18971856023664,-136
15.197410867928948,-124
15.205103175621256,-134
15.212795483313563,-148
15.220487791005871,-150
15.228180098698179,-150
15.235872406390486,-162
15.243564714082794,-198
15.251257021775102,-270
15.25894932946741,-172
15.266641637159717,385
15.274333944852025,1150
15.282026252544332,1612
15.28971856023664,1500
15.297410867928948,596
15.305103175621255,-532
15.312795483313563,-778
15.32048779100587,-366
15.328180098698178,-294
15.335872406390486,-438
15.343564714082794,-371
15.351257021775101,-301
15.358949329467409,-316
15.366641637159717,-280
15.374333944852026,-230
15.382026252544334,-230
15.389718560236641,-215
15.397410867928949,-179
15.405103175621257,-160
15.412795483313564,-148
15.420487791005872,-122
15.42818009869818,-83
15.435872406390487,-50
15.443564714082795,-16
15.451257021775103,33
15.45894932946741,88
15.466641637159718,139
15.474333944852026,182
15.482026252544333,210
15.489718560236641,218
15.497410867928949,206
15.505103175621256,167
15.512795483313564,95
15.520487791005872,9
15.52818009869818,-83
15.535872406390487,-170
15.543564714082795,-225
15.551257021775102,-251
15.55894932946741,-270
15.566641637159718,-285
15.574333944852025,-270
15.582026252544333,-258
15.58971856023664,-266
15.597410867928948,-261
15.605103175621256,-246
15.612795483313564,-227
15.620487791005871,-218
15.628180098698179,-215
15.635872406390487,-206
15.643564714082794,-189
15.651257021775102,-179
15.65894932946741,-174
15.666641637159717,-170
15.674333944852025,-162
15.659644500003196,-160
15.667336807695504,-158
15.675029115387812,-141
15.68272142308012,-131
15.690413730772427,-141
15.698106038464735,-146
15.705798346157042,-131
15.71349065384935,-119
15.721182961541658,-127
15.728875269233965,-148
15.736567576926273,-167
15.74425988461858,-182
15.751952192310888,-179
15.759644500003196,-167
15.767336807695504,-158
15.775029115387811,-158
15.782721423080119,-158
15.790413730772427,-158
15.798106038464734,-155
15.805798346157042,-165
15.81349065384935,-174
15.821182961541657,-170
15.828875269233965,-158
15.836567576926273,-153
15.84425988461858,-158
15.851952192310888,-153
15.859644500003196,-143
15.867336807695503,-136
15.875029115387811,-146
15.882721423080119,-158
15.890413730772426,-158
15.898106038464734,-131
15.905798346157042,-98
15.913490653849351,-83
15.921182961541659,-76
15.928875269233966,-76
15.936567576926274,-88
15.944259884618582,-98
15.95195219231089,-115
15.959644500003197,-141
15.967336807695505,-150
15.975029115387812,-150
15.98272142308012,-160
15.990413730772428,-153
15.998106038464735,-143
16.005798346157043,-153
16.01349065384935,-158
16.02118296154166,-150
16.028875269233964,-179
16.036567576926274,-251
16.04425988461858,-150
16.05195219231089,395
16.059644500003195,1145
16.067336807695504,1622
16.07502911538781,1560
16.08272142308012,728
16.090413730772426,-412
16.098106038464735,-747
16.10579834615704,-364
16.11349065384935,-266
16.121182961541656,-412
16.128875269233966,-342
16.13656757692627,-258
16.14425988461858,-285
16.151952192310887,-270
16.159644500003196,-222
16.167336807695506,-210
16.17502911538781,-196
16.18272142308012,-165
16.190413730772427,-139
16.198106038464736,-122
16.205798346157042,-103
16.21349065384935,-67
16.20467141600966,-28
16.21236372370197,2
16.220056031394275,35
16.227748339086585,69
16.23544064677889,112
16.2431329544712,158
16.250825262163506,174
16.258517569855815,174
16.26620987754812,177
16.27390218524043,148
16.281594492932737,76
16.289286800625046,-21
16.296979108317352,-127
16.30467141600966,-210
16.312363723701967,-256
16.320056031394277,-287
16.327748339086583,-313
16.335440646778892,-321
16.343132954471198,-311
16.350825262163507,-301
16.358517569855813,-289
16.366209877548123,-280
16.37390218524043,-266
16.381594492932738,-246
16.389286800625044,-234
16.396979108317353,-225
16.40467141600966,-203
16.41236372370197,-189
16.420056031394274,-194
16.427748339086584,-194
16.43544064677889,-186
16.4431329544712,-177
16.450825262163505,-165
16.458517569855815,-155
16.46620987754812,-153
16.47390218524043,-146
16.481594492932736,-143
16.489286800625045,-141
16.49697910831735,-134
16.50467141600966,-127
16.512363723701966,-139
16.520056031394276,-146
16.527748339086582,-134
16.53544064677889,-139
16.543132954471197,-150
16.550825262163507,-150
16.558517569855812,-158
16.566209877548122,-162
16.573902185240428,-150
16.581594492932737,-143
16.589286800625043,-153
16.596979108317353,-158
16.60467141600966,-148
16.612363723701968,-139
16.620056031394274,-131
16.627748339086583,-129
16.63544064677889,-134
16.6431329544712,-134
16.650825262163504,-129
16.658517569855814,-127
16.66620987754812,-136
16.67390218524043,-136
16.681594492932735,-100
16.689286800625045,-67
16.69697910831735,-67
16.70467141600966,-74
16.71236372370197,-79
16.720056031394275,-95
16.727748339086585,-117
16.73544064677889,-160
16.7431329544712,-194
16.750825262163506,-177
16.758517569855815,-165
16.799156082997797,-184
16.806848390690106,-182
16.814540698382412,-182
16.822233006074722,-203
16.829925313767028,-206
16.837617621459337,-182
16.845309929151643,-196
16.853002236843952,-266
16.86069454453626,-242
16.868386852228568,146
16.876079159920874,853
16.883771467613183,1433
16.89146377530549,1550
16.8991560829978,941
16.906848390690104,-208
16.914540698382414,-817
16.92223300607472,-498
16.92992531376703,-213
16.937617621459335,-337
16.945309929151644,-354
16.95300223684395,-246
16.96069454453626,-251
16.968386852228566,-256
16.976079159920875,-206
16.98377146761318,-179
16.99146377530549,-170
16.999156082997796,-146
17.006848390690106,-129
17.01454069838241,-112
17.02223300607472,-76
17.029925313767027,-43
17.037617621459336,-16
17.045309929151642,21
17.053002236843952,71
17.060694544536258,117
17.068386852228567,167
17.076079159920873,222
17.083771467613182,256
17.09146377530549,263
17.099156082997798,258
17.106848390690104,232
17.114540698382413,170
17.12223300607472,71
17.12992531376703,-40
17.137617621459334,-134
17.145309929151644,-203
17.15300223684395,-251
17.16069454453626,-278
17.168386852228565,-282
17.176079159920874,-280
17.18377146761318,-275
17.19146377530549,-266
17.199156082997796,-249
17.206848390690105,-232
17.21454069838241,-227
17.22223300607472,-220
17.229925313767026,-206
17.237617621459336,-203
17.24530992915164,-201
17.25300223684395,-182
17.260694544536257,-162
17.268386852228566,-160
17.276079159920872,-174
17.28377146761318,-186
17.291463775305488,-172
17.299156082997797,-155
17.306848390690106,-155
17.314540698382412,-158
17.322233006074722,-162
17.329925313767028,-165
17.337617621459337,-155
17.345309929151643,-146
17.353002236843952,-143
17.369157666005776,-143
17.376849973698086,-150
17.38454228139039,-155
17.3922345890827,-153
17.399926896775007,-153
17.407619204467316,-158
17.415311512159622,-148
17.42300381985193,-141
17.430696127544238,-165
17.438388435236547,-177
17.446080742928853,-160
17.453773050621162,-150
17.46146535831347,-155
17.469157666005778,-160
17.476849973698084,-155
17.484542281390393,-150
17.4922345890827,-155
17.49992689677501,-158
17.507619204467314,-143
17.515311512159624,-119
17.52300381985193,-100
17.53069612754424,-95
17.538388435236545,-100
17.546080742928854,-105
17.55377305062116,-124
17.56146535831347,-155
17.569157666005776,-172
17.576849973698085,-172
17.58454228139039,-174
17.5922345890827,-174
17.599926896775006,-170
17.607619204467316,-167
17.61531151215962,-172
17.62300381985193,-165
17.630696127544237,-150
17.638388435236546,-146
17.646080742928852,-177
17.65377305062116,-244
17.661465358313468,-174
17.669157666005777,321
17.676849973698083,1066
17.684542281390392,1560
17.692234589082698,1533
17.699926896775008,757
17.707619204467314,-402
17.715311512159623,-800
17.72300381985193,-388
17.73069612754424,-218
17.738388435236544,-359
17.746080742928854,-311
17.75377305062116,-220
17.76146535831347,-254
17.769157666005775,-251
17.776849973698084,-198
17.78454228139039,-194
17.7922345890827,-210
17.799926896775006,-189
17.807619204467315,-162
17.81531151215962,-146
17.82300381985193,-127
17.830696127544236,-95
17.838388435236546,-55
17.84608074292885,-19
17.85377305062116,26
17.861465358313467,88
17.869157666005776,150
17.876849973698086,206
17.88454228139039,232
17.8922345890827,218
17.899926896775007,203
17.907619204467316,186
17.915311512159622,119
17.92300381985193,7
17.96917687500536,-105
17.97686918269767,-194
17.984561490389975,-246
17.992253798082285,-275
17.99994610577459,-297
18.0076384134669,-311
18.015330721159206,-313
18.023023028851515,-306
18.03071533654382,-297
18.03840764423613,-294
18.046099951928436,-292
18.053792259620746,-270
18.06148456731305,-261
18.06917687500536,-263
18.076869182697667,-251
18.084561490389977,-234
18.092253798082282,-230
18.099946105774592,-232
18.107638413466898,-222
18.115330721159207,-208
18.123023028851513,-196
18.130715336543823,-186
18.13840764423613,-179
18.146099951928438,-170
18.153792259620744,-172
18.161484567313053,-184
18.16917687500536,-182
18.17686918269767,-170
18.184561490389974,-167
18.192253798082284,-170
18.19994610577459,-165
18.2076384134669,-165
18.215330721159205,-170
18.223023028851514,-172
18.23071533654382,-170
18.23840764423613,-172
18.246099951928436,-177
18.253792259620745,-172
18.26148456731305,-158
18.26917687500536,-153
18.276869182697666,-153
18.284561490389976,-148
18.29225379808228,-160
18.29994610577459,-177
18.307638413466897,-170
18.315330721159206,-165
18.323023028851512,-158
18.330715336543822,-134
18.338407644236128,-131
18.346099951928437,-148
18.353792259620743,-146
18.361484567313052,-153
18.36917687500536,-184
18.376869182697668,-208
18.384561490389974,-203
18.392253798082283,-196
18.39994610577459,-208
18.4076384134669,-213
18.415330721159204,-191
18.423023028851514,-172
18.43071533654382,-182
18.43840764423613,-194
18.446099951928435,-186
18.453792259620744,-203
18.46148456731305,-266
18.46917687500536,-208
18.47686918269767,249
18.484561490389975,961
18.492253798082285,1476
18.49994610577459,1512
18.5076384134669,812
18.515330721159206,-325
18.523023028851515,-783
18.47899720800342,-405
18.48668951569573,-213
18.494381823388036,-369
18.502074131080345,-345
18.50976643877265,-242
18.51745874646496,-258
18.525151054157266,-258
18.532843361849576,-215
18.54053566954188,-210
18.54822797723419,-198
18.555920284926497,-162
18.563612592618806,-162
18.571304900311112,-162
18.578997208003422,-124
18.586689515695728,-93
18.594381823388037,-81
18.602074131080343,-43
18.609766438772652,16
18.61745874646496,57
18.625151054157268,103
18.632843361849574,160
18.640535669541883,198
18.64822797723419,206
18.6559202849265,196
18.663612592618804,165
18.671304900311114,110
18.67899720800342,23
18.68668951569573,-76
18.694381823388035,-155
18.702074131080344,-213
18.70976643877265,-258
18.71745874646496,-275
18.725151054157266,-268
18.732843361849575,-256
18.74053566954188,-256
18.74822797723419,-256
18.755920284926496,-244
18.763612592618806,-230
18.77130490031111,-220
18.77899720800342,-215
18.786689515695727,-220
18.794381823388036,-222
18.802074131080342,-213
18.80976643877265,-201
18.817458746464958,-184
18.825151054157267,-170
18.832843361849573,-167
18.840535669541882,-167
18.84822797723419,-162
18.855920284926498,-150
18.863612592618804,-143
18.871304900311113,-141
18.87899720800342,-134
18.88668951569573,-129
18.894381823388034,-131
18.902074131080344,-124
18.90976643877265,-119
18.91745874646496,-119
18.925151054157265,-124
18.932843361849574,-136
18.94053566954188,-146
18.94822797723419,-136
18.955920284926496,-129
18.963612592618805,-129
18.97130490031111,-124
18.97899720800342,-129
18.98668951569573,-134
18.994381823388036,-134
19.002074131080345,-134
19.00976643877265,-134
19.01745874646496,-139
19.025151054157266,-136
19.032843361849576,-124
19.019583916000556,-105
19.027276223692866,-93
19.03496853138517,-88
19.04266083907748,-86
19.050353146769787,-100
19.058045454462096,-124
19.065737762154402,-136
19.07343006984671,-141
19.081122377539018,-162
19.088814685231327,-189
19.096506992923633,-189
19.104199300615942,-177
19.111891608308248,-179
19.119583916000558,-182
19.127276223692864,-172
19.134968531385173,-182
19.14266083907748,-237
19.15035314676979,-246
19.158045454462094,64
19.165737762154404,726
19.17343006984671,1337
19.18112237753902,1550
19.188814685231325,1085
19.196506992923634,-9
19.20419930061594,-738
19.21189160830825,-522
19.219583916000555,-222
19.227276223692865,-325
19.23496853138517,-364
19.24266083907748,-261
19.250353146769786,-258
19.258045454462096,-278
19.2657377621544,-246
19.27343006984671,-237
19.281122377539017,-237
19.288814685231326,-215
19.296506992923632,-186
19.30419930061594,-160
19.311891608308247,-129
19.319583916000557,-98
19.327276223692863,-64
19.334968531385172,-31
19.342660839077478,7
19.350353146769788,52
19.358045454462093,105
19.365737762154403,153
19.37343006984671,189
19.38112237753902,203
19.388814685231324,198
19.396506992923634,184
19.40419930061594,134
19.41189160830825,50
19.419583916000555,-45
19.427276223692864,-136
19.43496853138517,-206
19.44266083907748,-249
19.450353146769785,-266
19.458045454462095,-270
19.4657377621544,-270
19.47343006984671,-273
19.481122377539016,-268
19.488814685231326,-249
19.49650699292363,-234
19.50419930061594,-237
19.511891608308247,-234
19.519583916000556,-218
19.527276223692866,-201
19.53496853138517,-196
19.54266083907748,-191
19.550353146769787,-179
19.558045454462096,-172
19.565737762154402,-172
19.57343006984671,-162
19.559152875008294,-155
19.566845182700604,-153
19.57453749039291,-150
19.58222979808522,-143
19.589922105777525,-139
19.597614413469834,-153
19.60530672116214,-172
19.61299902885445,-162
19.620691336546756,-143
19.628383644239065,-150
19.63607595193137,-162
19.64376825962368,-146
19.651460567315986,-131
19.659152875008296,-139
19.6668451827006,-141
19.67453749039291,-136
19.682229798085217,-136
19.689922105777526,-139
19.697614413469832,-146
19.70530672116214,-155
19.712999028854448,-162
19.720691336546757,-170
19.728383644239063,-153
19.736075951931372,-110
19.74376825962368,-93
19.751460567315988,-119
19.759152875008294,-131
19.766845182700603,-122
19.77453749039291,-139
19.78222979808522,-165
19.789922105777524,-167
19.797614413469834,-155
19.80530672116214,-158
19.81299902885445,-155
19.820691336546755,-143
19.828383644239064,-139
19.83607595193137,-143
19.84376825962368,-139
19.851460567315986,-139
19.859152875008295,-172
19.8668451827006,-249
19.87453749039291,-225
19.882229798085216,198
19.889922105777526,915
19.89761441346983,1457
19.90530672116214,1521
19.912999028854447,838
19.920691336546756,-313
19.928383644239062,-812
19.93607595193137,-452
19.943768259623678,-232
19.951460567315987,-359
19.959152875008293,-352
19.966845182700602,-263
19.97453749039291,-282
19.982229798085218,-285
19.989922105777524,-237
19.997614413469833,-222
20.00530672116214,-215
20.01299902885445,-184
20.020691336546754,-158
20.028383644239064,-148
20.03607595193137,-122
20.04376825962368,-76
20.051460567315985,-35
20.059152875008294,0
20.066845182700604,45
20.07453749039291,93
20.08222979808522,141
20.089922105777525,191
20.097614413469834,222
20.10530672116214,227
20.11299902885445,218
20.160832291003317,186
20.168524598695626,127
20.176216906387932,21
20.18390921408024,-110
20.191601521772547,-203
20.199293829464857,-244
20.206986137157163,-282
20.214678444849472,-311
20.222370752541778,-306
20.230063060234087,-299
20.237755367926393,-299
20.245447675618703,-285
20.25313998331101,-270
20.260832291003318,-270
20.268524598695624,-273
20.276216906387933,-266
20.28390921408024,-249
20.29160152177255,-237
20.299293829464855,-246
20.306986137157164,-249
20.31467844484947,-232
20.32237075254178,-215
20.330063060234085,-206
20.337755367926395,-191
20.3454476756187,-177
20.35313998331101,-182
20.360832291003316,-182
20.368524598695625,-167
20.37621690638793,-158
20.38390921408024,-158
20.391601521772547,-155
20.399293829464856,-150
20.406986137157162,-148
20.41467844484947,-150
20.422370752541777,-155
20.430063060234087,-146
20.437755367926393,-131
20.445447675618702,-127
20.453139983311008,-136
20.460832291003317,-148
20.468524598695623,-146
20.476216906387933,-141
20.48390921408024,-143
20.491601521772548,-143
20.499293829464854,-131
20.506986137157163,-105
20.51467844484947,-86
20.52237075254178,-79
20.530063060234085,-76
20.537755367926394,-88
20.5454476756187,-115
20.55313998331101,-136
20.560832291003315,-136
20.568524598695625,-131
20.57621690638793,-131
20.58390921408024,-122
20.591601521772546,-115
20.599293829464855,-124
20.60698613715716,-139
20.61467844484947,-127
20.622370752541777,-107
20.630063060234086,-129
20.637755367926392,-208
20.6454476756187,-206
20.653139983311007,184
20.660832291003317,913
20.668524598695626,1507
20.676216906387932,1629
20.68390921408024,1020
20.691601521772547,-165
20.699293829464857,-805
20.706986137157163,-486
20.714678444849472,-222
20.730863457996747,-376
20.738555765689057,-383
20.746248073381363,-266
20.753940381073672,-280
20.761632688765978,-299
20.769324996458288,-251
20.777017304150593,-220
20.784709611842903,-225
20.79240191953521,-227
20.800094227227518,-213
20.807786534919824,-194
20.815478842612134,-184
20.82317115030444,-160
20.83086345799675,-117
20.838555765689055,-74
20.846248073381364,-23
20.85394038107367,33
20.86163268876598,88
20.869324996458285,134
20.877017304150595,158
20.8847096118429,162
20.89240191953521,165
20.900094227227516,141
20.907786534919826,71
20.91547884261213,-19
20.92317115030444,-112
20.930863457996747,-201
20.938555765689056,-263
20.946248073381362,-292
20.95394038107367,-304
20.961632688765977,-306
20.969324996458287,-309
20.977017304150593,-304
20.984709611842902,-287
20.992401919535208,-263
21.000094227227518,-254
21.007786534919823,-258
21.015478842612133,-251
21.02317115030444,-234
21.030863457996748,-225
21.038555765689054,-220
21.046248073381363,-203
21.05394038107367,-186
21.06163268876598,-182
21.069324996458285,-182
21.077017304150594,-172
21.0847096118429,-153
21.09240191953521,-150
21.100094227227515,-148
21.107786534919825,-141
21.11547884261213,-141
21.12317115030444,-143
21.130863457996746,-139
21.138555765689055,-134
21.14624807338136,-134
21.15394038107367,-134
21.161632688765977,-131
21.169324996458286,-127
21.177017304150592,-124
21.1847096118429,-124
21.192401919535207,-119
21.200094227227517,-115
21.207786534919823,-119
21.215478842612132,-131
21.223171150304438,-134
21.230863457996747,-134
21.238555765689057,-136
21.246248073381363,-117
21.253940381073672,-86
21.261632688765978,-81
21.269324996458288,-88
21.277017304150593,-81
21.284709611842903,-76
21.269255999999586,-93
21.276948307691896,-124
21.284640615384202,-143
21.29233292307651,-150
21.300025230768817,-146
21.307717538461127,-141
21.315409846153432,-153
21.323102153845742,-165
21.330794461538048,-165
21.338486769230357,-167
21.346179076922663,-174
21.353871384614973,-186
21.36156369230728,-254
21.369255999999588,-206
21.376948307691894,282
21.384640615384203,1037
21.39233292307651,1567
21.40002523076882,1567
21.407717538461124,783
21.415409846153434,-381
21.42310215384574,-776
21.43079446153805,-383
21.438486769230355,-234
21.446179076922665,-373
21.45387138461497,-323
21.46156369230728,-244
21.469255999999586,-282
21.476948307691895,-282
21.4846406153842,-251
21.49233292307651,-254
21.500025230768816,-239
21.507717538461126,-206
21.51540984615343,-191
21.52310215384574,-177
21.530794461538047,-141
21.538486769230357,-110
21.546179076922662,-83
21.553871384614972,-47
21.561563692307278,7
21.569255999999587,62
21.576948307691893,105
21.584640615384203,141
21.59233292307651,170
21.600025230768818,174
21.607717538461124,160
21.615409846153433,124
21.62310215384574,59
21.63079446153805,-23
21.638486769230354,-115
21.646179076922664,-194
21.65387138461497,-246
21.66156369230728,-278
21.669255999999585,-294
21.676948307691895,-292
21.6846406153842,-280
21.69233292307651,-278
21.700025230768816,-273
21.707717538461125,-261
21.71540984615343,-244
21.72310215384574,-230
21.730794461538046,-225
21.738486769230356,-225
21.74617907692266,-218
21.75387138461497,-206
21.761563692307277,-194
21.769255999999586,-184
21.776948307691896,-177
21.784640615384202,-174
21.79233292307651,-179
21.800025230768817,-186
21.807717538461127,-182
21.815409846153432,-172
21.823102153845742,-174
21.842015250003897,-165
21.849707557696206,-153
21.857399865388512,-153
21.86509217308082,-155
21.872784480773127,-146
21.880476788465437,-143
21.888169096157743,-162
21.895861403850052,-177
21.903553711542358,-170
21.911246019234667,-155
21.918938326926973,-155
21.926630634619283,-158
21.93432294231159,-153
21.942015250003898,-146
21.949707557696204,-146
21.957399865388513,-146
21.96509217308082,-141
21.97278448077313,-141
21.980476788465435,-150
21.988169096157744,-141
21.99586140385005,-107
22.00355371154236,-83
22.011246019234665,-81
22.018938326926975,-79
22.02663063461928,-83
22.03432294231159,-98
22.042015250003896,-112
22.049707557696205,-117
22.05739986538851,-107
22.06509217308082,-110
22.072784480773127,-119
22.080476788465436,-107
22.088169096157742,-100
22.09586140385005,-117
22.103553711542357,-127
22.111246019234667,-115
22.118938326926973,-134
22.126630634619282,-208
22.134322942311588,-191
22.142015250003897,206
22.149707557696203,917
22.157399865388513,1502
22.16509217308082,1624
22.172784480773128,1001
22.180476788465434,-150
22.188169096157743,-728
22.19586140385005,-409
22.20355371154236,-184
22.211246019234665,-330
22.218938326926974,-330
22.22663063461928,-234
22.23432294231159,-258
22.242015250003895,-266
22.249707557696205,-220
22.25739986538851,-210
22.26509217308082,-206
22.272784480773126,-184
22.280476788465435,-174
22.28816909615774,-160
22.29586140385005,-134
22.303553711542357,-107
22.311246019234666,-79
22.318938326926972,-52
22.32663063461928,-26
22.334322942311587,21
22.342015250003897,69
22.349707557696206,100
22.357399865388512,134
22.36509217308082,160
22.372784480773127,148
22.380476788465437,117
22.388169096157743,67
22.395861403850052,-16
22.3809595000057,-107
22.38865180769801,-177
22.396344115390317,-230
22.404036423082626,-270
22.411728730774932,-297
22.41942103846724,-304
22.427113346159548,-294
22.434805653851857,-292
22.442497961544163,-299
22.450190269236472,-292
22.457882576928778,-285
22.465574884621088,-285
22.473267192313394,-275
22.480959500005703,-246
22.48865180769801,-222
22.49634411539032,-220
22.504036423082624,-218
22.511728730774934,-201
22.51942103846724,-186
22.52711334615955,-186
22.534805653851855,-184
22.542497961544164,-174
22.55019026923647,-167
22.55788257692878,-172
22.565574884621086,-174
22.573267192313395,-165
22.5809595000057,-155
22.58865180769801,-158
22.596344115390316,-158
22.604036423082626,-150
22.61172873077493,-148
22.61942103846724,-143
22.627113346159547,-136
22.634805653851856,-131
22.642497961544162,-131
22.65019026923647,-134
22.657882576928777,-127
22.665574884621087,-117
22.673267192313393,-119
22.680959500005702,-119
22.688651807698008,-115
22.696344115390318,-119
22.704036423082623,-134
22.711728730774933,-136
22.71942103846724,-129
22.72711334615955,-131
22.734805653851854,-143
22.742497961544164,-146
22.75019026923647,-117
22.75788257692878,-81
22.765574884621085,-69
22.773267192313394,-64
22.7809595000057,-57
22.78865180769801,-71
22.796344115390315,-103
22.804036423082625,-134
22.81172873077493,-141
22.81942103846724,-127
22.827113346159546,-127
22.834805653851856,-148
22.84249796154416,-148
22.85019026923647,-131
22.857882576928777,-134
22.865574884621086,-134
22.873267192313392,-124
22.8809595000057,-153
22.88865180769801,-232
22.896344115390317,-196
22.904036423082626,230
22.911728730774932,946
22.91942103846724,1502
22.927113346159548,1574
22.934805653851857,886
22.9511865000095,-254
22.958878807701808,-745
22.966571115394114,-400
22.974263423086423,-210
22.98195573077873,-364
22.98964803847104,-366
22.997340346163345,-289
23.005032653855654,-301
23.01272496154796,-299
23.02041726924027,-270
23.028109576932575,-261
23.035801884624885,-244
23.04349419231719,-213
23.0511865000095,-196
23.058878807701806,-174
23.066571115394115,-146
23.07426342308642,-122
23.08195573077873,-91
23.089648038471037,-43
23.097340346163346,9
23.105032653855652,57
23.11272496154796,93
23.120417269240267,127
23.128109576932577,160
23.135801884624883,177
23.143494192317192,165
23.151186500009498,139
23.158878807701807,91
23.166571115394113,0
23.174263423086423,-103
23.18195573077873,-182
23.189648038471038,-234
23.197340346163344,-273
23.205032653855653,-304
23.21272496154796,-316
23.22041726924027,-309
23.228109576932574,-304
23.235801884624884,-297
23.24349419231719,-278
23.2511865000095,-256
23.258878807701805,-246
23.266571115394115,-237
23.27426342308642,-220
23.28195573077873,-213
23.289648038471036,-213
23.297340346163345,-206
23.30503265385565,-206
23.31272496154796,-218
23.320417269240266,-215
23.328109576932576,-198
23.335801884624882,-184
23.34349419231719,-186
23.351186500009497,-191
23.358878807701807,-174
23.366571115394112,-153
23.374263423086422,-155
23.381955730778728,-167
23.389648038471037,-153
23.397340346163343,-139
23.405032653855653,-136
23.41272496154796,-139
23.420417269240268,-143
23.428109576932574,-139
23.435801884624883,-136
23.44349419231719,-139
23.4511865000095,-146
23.458878807701808,-143
23.466571115394114,-136
23.474263423086423,-134
23.48195573077873,-129
23.48964803847104,-124
23.497340346163345,-136
23.505032653855654,-148
23.54956304100051,-143
23.55725534869282,-122
23.564947656385126,-93
23.572639964077435,-79
23.58033227176974,-69
23.58802457946205,-55
23.595716887154357,-71
23.603409194846666,-100
23.611101502538972,-117
23.61879381023128,-143
23.626486117923587,-165
23.634178425615897,-141
23.641870733308203,-117
23.649563041000512,-127
23.657255348692818,-143
23.664947656385127,-143
23.672639964077433,-131
23.680332271769743,-122
23.68802457946205,-129
23.695716887154358,-182
23.703409194846664,-227
23.711101502538973,-2
23.71879381023128,637
23.72648611792359,1313
23.734178425615895,1610
23.741870733308204,1241
23.74956304100051,160
23.75725534869282,-721
23.764947656385125,-613
23.772639964077435,-237
23.78033227176974,-292
23.78802457946205,-378
23.795716887154356,-289
23.803409194846665,-280
23.81110150253897,-292
23.81879381023128,-239
23.826486117923587,-215
23.834178425615896,-222
23.841870733308202,-198
23.84956304100051,-179
23.857255348692817,-182
23.864947656385127,-160
23.872639964077432,-119
23.880332271769742,-88
23.888024579462048,-52
23.895716887154357,-14
23.903409194846663,31
23.911101502538973,88
23.91879381023128,148
23.926486117923588,186
23.934178425615894,191
23.941870733308203,189
23.94956304100051,174
23.95725534869282,122
23.964947656385124,33
23.972639964077434,-64
23.98033227176974,-160
23.98802457946205,-242
23.995716887154355,-287
24.003409194846665,-304
24.01110150253897,-309
24.01879381023128,-306
24.026486117923586,-301
24.034178425615895,-289
24.0418707333082,-275
24.04956304100051,-263
24.05725534869282,-246
24.064947656385126,-230
24.072639964077435,-225
24.08033227176974,-220
24.08802457946205,-203
24.095716887154357,-186
24.103409194846666,-182
24.089622500003316,-170
24.097314807695625,-160
24.10500711538793,-158
24.11269942308024,-155
24.120391730772546,-150
24.128084038464856,-148
24.13577634615716,-141
24.14346865384947,-131
24.151160961541777,-127
24.158853269234086,-127
24.166545576926392,-131
24.1742378846187,-141
24.181930192311007,-153
24.189622500003317,-150
24.197314807695623,-146
24.205007115387932,-150
24.212699423080238,-155
24.220391730772548,-148
24.228084038464853,-139
24.235776346157163,-141
24.24346865384947,-143
24.25116096154178,-134
24.258853269234084,-122
24.266545576926394,-124
24.2742378846187,-131
24.28193019231101,-134
24.289622500003315,-136
24.297314807695624,-136
24.30500711538793,-110
24.31269942308024,-71
24.320391730772545,-57
24.328084038464855,-74
24.33577634615716,-105
24.34346865384947,-127
24.351160961541776,-129
24.358853269234086,-139
24.36654557692639,-146
24.3742378846187,-136
24.381930192311007,-139
24.389622500003316,-148
24.397314807695622,-139
24.40500711538793,-124
24.412699423080237,-131
24.420391730772547,-139
24.428084038464853,-134
24.435776346157162,-160
24.443468653849468,-234
24.451160961541778,-103
24.458853269234083,472
24.466545576926393,1188
24.4742378846187,1591
24.481930192311008,1397
24.489622500003314,436
24.497314807695624,-608
24.50500711538793,-721
24.51269942308024,-306
24.520391730772545,-280
24.528084038464854,-402
24.53577634615716,-306
24.54346865384947,-249
24.551160961541775,-278
24.558853269234085,-251
24.56654557692639,-220
24.5742378846187,-218
24.581930192311006,-191
24.589622500003316,-153
24.597314807695625,-139
24.60500711538793,-122
24.61269942308024,-93
24.620391730772546,-69
24.628084038464856,-40
24.63577634615716,7
24.64346865384947,59
24.630244208005024,105
24.637936515697334,141
24.64562882338964,179
24.65332113108195,206
24.661013438774255,203
24.668705746466564,179
24.67639805415887,131
24.68409036185118,43
24.691782669543485,-64
24.699474977235795,-162
24.7071672849281,-237
24.71485959262041,-275
24.722551900312716,-304
24.730244208005026,-323
24.73793651569733,-321
24.74562882338964,-304
24.753321131081947,-292
24.761013438774256,-287
24.768705746466562,-280
24.77639805415887,-263
24.784090361851177,-249
24.791782669543487,-237
24.799474977235793,-230
24.807167284928102,-225
24.814859592620408,-232
24.822551900312718,-237
24.830244208005023,-218
24.837936515697333,-201
24.84562882338964,-194
24.853321131081948,-182
24.861013438774254,-174
24.868705746466564,-177
24.87639805415887,-174
24.88409036185118,-155
24.891782669543485,-134
24.899474977235794,-129
24.9071672849281,-134
24.91485959262041,-136
24.922551900312715,-141
24.930244208005025,-148
24.93793651569733,-150
24.94562882338964,-139
24.953321131081946,-127
24.961013438774255,-131
24.96870574646656,-139
24.97639805415887,-129
24.984090361851177,-122
24.991782669543486,-122
24.999474977235792,-124
25.0071672849281,-119
25.014859592620407,-112
25.022551900312717,-117
25.030244208005023,-129
25.037936515697332,-136
25.045628823389638,-129
25.053321131081947,-110
25.061013438774253,-88
25.068705746466563,-76
25.07639805415887,-69
25.084090361851178,-74
25.091782669543484,-93
25.099474977235793,-110
25.1071672849281,-119
25.11485959262041,-122
25.122551900312715,-119
25.130244208005024,-117
25.137936515697334,-117
25.14562882338964,-119
25.15332113108195,-119
25.161013438774255,-110
25.168705746466564,-112
25.17639805415887,-139
25.18409036185118,-201
25.19964516600885,-218
25.20733747370116,79
25.215029781393465,742
25.222722089085774,1363
25.23041439677808,1576
25.23810670447039,1083
25.245799012162696,-62
25.253491319855005,-810
25.26118362754731,-563
25.26887593523962,-246
25.276568242931926,-364
25.284260550624236,-400
25.29195285831654,-280
25.29964516600885,-275
25.307337473701157,-294
25.315029781393466,-249
25.322722089085772,-230
25.33041439677808,-249
25.338106704470388,-239
25.345799012162697,-203
25.353491319855003,-177
25.361183627547312,-158
25.36887593523962,-127
25.376568242931928,-93
25.384260550624234,-57
25.391952858316543,-9
25.39964516600885,40
25.40733747370116,88
25.415029781393464,134
25.422722089085774,162
25.43041439677808,167
25.43810670447039,158
25.445799012162695,134
25.453491319855004,86
25.46118362754731,7
25.46887593523962,-83
25.476568242931926,-167
25.484260550624235,-232
25.49195285831654,-268
25.49964516600885,-275
25.507337473701156,-280
25.515029781393466,-287
25.52272208908577,-285
25.53041439677808,-273
25.538106704470387,-263
25.545799012162696,-254
25.553491319855002,-232
25.56118362754731,-213
25.568875935239618,-208
25.576568242931927,-203
25.584260550624233,-191
25.591952858316542,-182
25.599645166008848,-174
25.607337473701158,-170
25.615029781393464,-165
25.622722089085773,-150
25.63041439677808,-143
25.63810670447039,-146
25.645799012162694,-141
25.653491319855004,-134
25.66118362754731,-136
25.66887593523962,-136
25.676568242931925,-141
25.684260550624234,-146
25.69195285831654,-146
25.69964516600885,-150
25.70733747370116,-148
25.715029781393465,-141
25.722722089085774,-141
25.73041439677808,-136
25.73810670447039,-131
25.745799012162696,-139
25.753491319855005,-146
25.740274166004383,-143
25.747966473696692,-141
25.755658781389,-136
25.763351089081308,-131
25.771043396773614,-139
25.778735704465923,-150
25.78642801215823,-160
25.79412031985054,-177
25.801812627542844,-186
25.809504935235154,-170
25.81719724292746,-155
25.82488955061977,-158
25.832581858312075,-146
25.840274166004384,-131
25.84796647369669,-143
25.855658781389,-160
25.863351089081306,-172
25.871043396773615,-182
25.87873570446592,-172
25.88642801215823,-155
25.894120319850536,-165
25.901812627542846,-184
25.90950493523515,-172
25.91719724292746,-165
25.924889550619767,-172
25.932581858312076,-170
25.940274166004382,-203
25.94796647369669,-282
25.955658781388998,-162
25.963351089081307,378
25.971043396773613,1068
25.978735704465922,1490
25.98642801215823,1358
25.994120319850538,462
26.001812627542844,-575
26.009504935235153,-723
26.01719724292746,-323
26.02488955061977,-280
26.032581858312074,-407
26.040274166004384,-333
26.04796647369669,-270
26.055658781389,-285
26.063351089081305,-254
26.071043396773614,-213
26.07873570446592,-201
26.08642801215823,-179
26.094120319850536,-155
26.101812627542845,-150
26.10950493523515,-131
26.11719724292746,-95
26.124889550619766,-71
26.132581858312076,-50
26.14027416600438,-9
26.14796647369669,31
26.155658781388997,67
26.163351089081306,115
26.171043396773612,158
26.17873570446592,179
26.186428012158228,174
26.194120319850537,153
26.201812627542843,119
26.209504935235152,62
26.21719724292746,-26
26.224889550619768,-119
26.232581858312074,-191
26.240274166004383,-246
26.247966473696692,-282
26.255658781389,-299
26.263351089081308,-289
26.271043396773614,-275
26.278735704465923,-273
26.28642801215823,-270
26.29412031985054,-251
26.309619499996188,-234
26.317311807688498,-230
26.325004115380803,-227
26.332696423073113,-237
26.34038873076542,-261
26.348081038457728,-273
26.355773346150034,-254
26.363465653842344,-230
26.37115796153465,-220
26.37885026922696,-220
26.386542576919265,-215
26.394234884611574,-203
26.40192719230388,-198
26.40961949999619,-201
26.417311807688495,-194
26.425004115380805,-184
26.43269642307311,-186
26.44038873076542,-182
26.448081038457726,-167
26.455773346150036,-162
26.46346565384234,-160
26.47115796153465,-155
26.478850269226957,-155
26.486542576919266,-158
26.494234884611572,-153
26.50192719230388,-148
26.509619499996187,-143
26.517311807688497,-141
26.525004115380803,-143
26.532696423073112,-136
26.540388730765418,-122
26.548081038457727,-119
26.555773346150033,-122
26.563465653842343,-122
26.57115796153465,-134
26.578850269226958,-148
26.586542576919264,-136
26.594234884611573,-107
26.60192719230388,-83
26.60961949999619,-74
26.617311807688495,-76
26.625004115380804,-88
26.63269642307311,-100
26.64038873076542,-115
26.648081038457725,-134
26.655773346150035,-143
26.66346565384234,-134
26.67115796153465,-129
26.678850269226956,-136
26.686542576919265,-136
26.69423488461157,-127
26.70192719230388,-127
26.709619499996187,-131
26.717311807688496,-146
26.725004115380802,-203
26.73269642307311,-213
26.740388730765417,117
26.748081038457727,798
26.755773346150033,1387
26.763465653842342,1517
26.771157961534648,913
26.778850269226957,-208
26.786542576919263,-764
26.794234884611573,-450
26.80192719230388,-230
26.809619499996188,-364
26.817311807688498,-345
26.825004115380803,-230
26.832696423073113,-251
26.84038873076542,-287
26.848081038457728,-254
26.855773346150034,-237
26.863465653842344,-237
26.909859500010498,-218
26.917551807702807,-186
26.925244115395113,-162
26.932936423087423,-146
26.94062873077973,-122
26.948321038472038,-93
26.956013346164344,-62
26.963705653856653,-16
26.97139796154896,38
26.97909026924127,79
26.986782576933575,115
26.994474884625884,150
27.00216719231819,174
27.0098595000105,170
27.017551807702805,136
27.025244115395115,86
27.03293642308742,11
27.04062873077973,-86
27.048321038472036,-172
27.056013346164345,-218
27.06370565385665,-251
27.07139796154896,-287
27.079090269241266,-297
27.086782576933576,-287
27.094474884625882,-278
27.10216719231819,-268
27.109859500010497,-258
27.117551807702807,-251
27.125244115395112,-239
27.132936423087422,-220
27.140628730779728,-206
27.148321038472037,-196
27.156013346164343,-184
27.163705653856653,-184
27.17139796154896,-186
27.179090269241268,-179
27.186782576933574,-172
27.194474884625883,-167
27.20216719231819,-165
27.2098595000105,-160
27.217551807702804,-155
27.225244115395114,-146
27.23293642308742,-141
27.24062873077973,-141
27.248321038472035,-129
27.256013346164345,-127
27.26370565385665,-139
27.27139796154896,-139
27.279090269241266,-127
27.286782576933575,-134
27.29447488462588,-136
27.30216719231819,-117
27.309859500010496,-115
27.317551807702806,-127
27.325244115395112,-115
27.33293642308742,-100
27.340628730779727,-119
27.348321038472037,-134
27.356013346164342,-127
27.363705653856652,-105
27.371397961548958,-74
27.379090269241267,-67
27.386782576933573,-88
27.394474884625883,-98
27.40216719231819,-95
27.409859500010498,-117
27.417551807702807,-143
27.425244115395113,-139
27.432936423087423,-139
27.44062873077973,-153
27.448321038472038,-158
27.456013346164344,-146
27.463705653856653,-131
27.44983054100885,-129
27.45752284870116,-141
27.465215156393466,-143
27.472907464085775,-160
27.48059977177808,-215
27.48829207947039,-146
27.495984387162697,321
27.503676694855006,1013
27.511369002547312,1469
27.51906131023962,1416
27.526753617931927,632
27.534445925624237,-488
27.542138233316543,-829
27.549830541008852,-393
27.557522848701158,-230
27.565215156393467,-378
27.572907464085773,-328
27.580599771778083,-242
27.58829207947039,-273
27.595984387162698,-261
27.603676694855004,-222
27.611369002547313,-213
27.61906131023962,-194
27.62675361793193,-162
27.634445925624235,-143
27.642138233316544,-115
27.64983054100885,-88
27.65752284870116,-69
27.665215156393465,-33
27.672907464085775,14
27.68059977177808,59
27.68829207947039,110
27.695984387162696,160
27.703676694855005,201
27.71136900254731,220
27.71906131023962,227
27.726753617931926,218
27.734445925624236,179
27.742138233316542,93
27.74983054100885,-11
27.757522848701157,-110
27.765215156393467,-182
27.772907464085772,-237
27.780599771778082,-278
27.788292079470388,-289
27.795984387162697,-285
27.803676694855003,-282
27.811369002547313,-280
27.81906131023962,-261
27.826753617931928,-249
27.834445925624234,-251
27.842138233316543,-239
27.84983054100885,-215
27.85752284870116,-194
27.865215156393464,-196
27.872907464085774,-215
27.88059977177808,-210
27.88829207947039,-186
27.895984387162695,-184
27.903676694855005,-189
27.91136900254731,-172
27.91906131023962,-172
27.926753617931926,-179
27.934445925624235,-160
27.94213823331654,-146
27.94983054100885,-153
27.95752284870116,-148
27.965215156393466,-136
27.972907464085775,-143
27.98059977177808,-146
27.98829207947039,-136
27.995984387162697,-129
28.003676694855006,-129
27.989416541007813,-136
27.997108848700123,-136
28.00480115639243,-131
28.012493464084738,-131
28.020185771777044,-134
28.027878079469353,-136
28.03557038716166,-131
28.04326269485397,-107
28.050955002546274,-83
28.058647310238584,-91
28.06633961793089,-93
28.0740319256232,-86
28.081724233315505,-100
28.089416541007814,-124
28.09710884870012,-134
28.10480115639243,-141
28.112493464084736,-146
28.120185771777045,-148
28.12787807946935,-155
28.13557038716166,-160
28.143262694853966,-158
28.150955002546276,-158
28.15864731023858,-148
28.16633961793089,-148
28.174031925623197,-215
28.181724233315506,-249
28.189416541007812,69
28.197108848700122,774
28.204801156392428,1394
28.212493464084737,1576
28.220185771777043,1083
28.227878079469352,-45
28.23557038716166,-783
28.243262694853968,-529
28.250955002546274,-198
28.258647310238583,-323
28.26633961793089,-373
28.2740319256232,-261
28.281724233315504,-263
28.289416541007814,-287
28.29710884870012,-242
28.30480115639243,-213
28.312493464084735,-208
28.320185771777044,-191
28.32787807946935,-172
28.33557038716166,-150
28.343262694853966,-129
28.350955002546275,-119
28.35864731023858,-103
28.36633961793089,-67
28.374031925623196,-26
28.381724233315506,11
28.38941654100781,69
28.39710884870012,124
28.404801156392427,150
28.412493464084736,153
28.420185771777042,141
28.42787807946935,119
28.435570387161658,67
28.443262694853967,-19
28.450955002546273,-115
28.458647310238582,-194
28.46633961793089,-251
28.474031925623198,-289
28.481724233315504,-304
28.489416541007813,-301
28.497108848700123,-299
28.50480115639243,-301
28.512493464084738,-285
28.520185771777044,-258
28.527878079469353,-249
28.53557038716166,-244
28.54326269485397,-234
28.561503541001002,-220
28.56919584869331,-210
28.576888156385618,-203
28.584580464077927,-189
28.592272771770233,-167
28.599965079462542,-172
28.60765738715485,-194
28.615349694847158,-186
28.623042002539464,-167
28.630734310231773,-174
28.63842661792408,-182
28.64611892561639,-170
28.653811233308694,-162
28.661503541001004,-167
28.66919584869331,-160
28.67688815638562,-150
28.684580464077925,-146
28.692272771770234,-146
28.69996507946254,-146
28.70765738715485,-139
28.715349694847156,-134
28.723042002539465,-134
28.73073431023177,-136
28.73842661792408,-136
28.746118925616386,-143
28.753811233308696,-153
28.761503541001,-134
28.76919584869331,-86
28.776888156385617,-59
28.784580464077926,-67
28.792272771770232,-71
28.79996507946254,-69
28.807657387154848,-86
28.815349694847157,-110
28.823042002539463,-112
28.830734310231772,-103
28.83842661792408,-103
28.846118925616388,-105
28.853811233308694,-103
28.861503541001003,-105
28.86919584869331,-115
28.87688815638562,-143
28.884580464077924,-160
28.892272771770234,-182
28.89996507946254,-251
28.90765738715485,-160
28.915349694847155,376
28.923042002539464,1121
28.93073431023177,1579
28.93842661792408,1471
28.946118925616386,603
28.953811233308695,-488
28.961503541001,-726
28.96919584869331,-311
28.976888156385616,-237
28.984580464077926,-376
28.99227277177023,-301
28.99996507946254,-234
29.007657387154847,-263
29.015349694847156,-237
29.023042002539462,-198
29.03073431023177,-201
29.038426617924078,-191
29.046118925616387,-170
29.053811233308693,-165
29.061503541001002,-158
29.06919584869331,-127
29.076888156385618,-93
29.084580464077927,-64
29.092272771770233,-26
29.099965079462542,21
29.10765738715485,67
29.115349694847158,107
29.099489625004935,131
29.107181932697245,146
29.11487424038955,150
29.12256654808186,134
29.130258855774166,91
29.137951163466475,28
29.14564347115878,-62
29.15333577885109,-162
29.161028086543396,-242
29.168720394235706,-280
29.17641270192801,-304
29.18410500962032,-323
29.191797317312627,-316
29.199489625004936,-297
29.207181932697242,-289
29.214874240389552,-282
29.222566548081858,-270
29.230258855774167,-256
29.237951163466473,-242
29.245643471158782,-230
29.25333577885109,-215
29.261028086543398,-201
29.268720394235704,-196
29.276412701928013,-198
29.28410500962032,-186
29.29179731731263,-172
29.299489625004934,-167
29.307181932697244,-165
29.31487424038955,-153
29.32256654808186,-143
29.330258855774165,-143
29.337951163466474,-146
29.34564347115878,-150
29.35333577885109,-165
29.361028086543396,-184
29.368720394235705,-194
29.37641270192801,-182
29.38410500962032,-167
29.391797317312626,-167
29.399489625004936,-162
29.40718193269724,-146
29.41487424038955,-143
29.422566548081857,-150
29.430258855774166,-146
29.437951163466472,-143
29.445643471158782,-150
29.453335778851088,-158
29.461028086543397,-150
29.468720394235703,-117
29.476412701928012,-81
29.48410500962032,-71
29.491797317312628,-71
29.499489625004934,-69
29.507181932697243,-81
29.51487424038955,-105
29.52256654808186,-119
29.530258855774164,-112
29.537951163466474,-105
29.54564347115878,-117
29.55333577885109,-122
29.561028086543395,-103
29.568720394235704,-95
29.57641270192801,-103
29.58410500962032,-105
29.591797317312626,-117
29.599489625004935,-174
29.607181932697245,-218
29.61487424038955,23
29.62256654808186,661
29.630258855774166,1313
29.637951163466475,1588
29.64564347115878,1224
29.65333577885109,174
